Rk,G,Date,Age,Home vs Away,Opp,Win/Loss by:,GS,3P,3PA,3P%,Time Rested,Name
1,1.0,2017-10-19,28,Home,CHI,W (+17),1,0.0,0.0,,N/A,Demar Derozan
2,2.0,2017-10-21,28,Home,PHI,W (+34),1,0.0,1.0,0.0,2.0,Demar Derozan
3,3.0,2017-10-23,28,Away,SAS,L (-4),1,2.0,5.0,0.4,2.0,Demar Derozan
4,4.0,2017-10-25,28,Away,GSW,L (-5),1,0.0,0.0,,2.0,Demar Derozan
5,5.0,2017-10-27,28,Away,LAL,W (+9),1,0.0,2.0,0.0,2.0,Demar Derozan
6,6.0,2017-10-30,28,Away,POR,W (+14),1,0.0,0.0,,3.0,Demar Derozan
7,7.0,2017-11-01,28,Away,DEN,L (-18),1,0.0,1.0,0.0,2.0,Demar Derozan
8,8.0,2017-11-03,28,Away,UTA,W (+9),1,3.0,7.0,0.429,2.0,Demar Derozan
9,9.0,2017-11-05,28,Home,WAS,L (-11),1,0.0,5.0,0.0,2.0,Demar Derozan
10,10.0,2017-11-07,28,Home,CHI,W (+5),1,2.0,2.0,1.0,2.0,Demar Derozan
11,11.0,2017-11-09,28,Home,NOP,W (+4),1,2.0,6.0,0.33299999999999996,2.0,Demar Derozan
12,12.0,2017-11-12,28,Away,BOS,L (-1),1,1.0,4.0,0.25,3.0,Demar Derozan
13,13.0,2017-11-14,28,Away,HOU,W (+16),1,0.0,3.0,0.0,2.0,Demar Derozan
14,14.0,2017-11-15,28,Away,NOP,W (+9),1,2.0,4.0,0.5,1.0,Demar Derozan
15,15.0,2017-11-17,28,Home,NYK,W (+23),1,0.0,0.0,,2.0,Demar Derozan
16,16.0,2017-11-19,28,Home,WAS,W (+9),1,2.0,6.0,0.33299999999999996,2.0,Demar Derozan
17,17.0,2017-11-22,28,Away,NYK,L (-8),1,2.0,4.0,0.5,3.0,Demar Derozan
18,18.0,2017-11-24,28,Away,IND,L (-3),1,0.0,3.0,0.0,2.0,Demar Derozan
19,19.0,2017-11-25,28,Away,ATL,W (+34),1,0.0,1.0,0.0,1.0,Demar Derozan
20,20.0,2017-11-29,28,Home,CHO,W (+13),1,0.0,2.0,0.0,4.0,Demar Derozan
21,21.0,2017-12-01,28,Home,IND,W (+5),1,0.0,1.0,0.0,2.0,Demar Derozan
22,22.0,2017-12-05,28,Home,PHO,W (+13),1,0.0,1.0,0.0,4.0,Demar Derozan
23,23.0,2017-12-08,28,Away,MEM,W (+9),1,0.0,2.0,0.0,3.0,Demar Derozan
24,24.0,2017-12-10,28,Away,SAC,W (+15),1,0.0,1.0,0.0,2.0,Demar Derozan
25,25.0,2017-12-11,28,Away,LAC,L (-5),1,0.0,0.0,,1.0,Demar Derozan
26,26.0,2017-12-13,28,Away,PHO,W (+6),1,0.0,4.0,0.0,2.0,Demar Derozan
27,27.0,2017-12-15,28,Home,BRK,W (+33),1,1.0,2.0,0.5,2.0,Demar Derozan
28,28.0,2017-12-17,28,Home,SAC,W (+15),1,0.0,1.0,0.0,2.0,Demar Derozan
29,29.0,2017-12-20,28,Away,CHO,W (+18),1,3.0,4.0,0.75,3.0,Demar Derozan
30,30.0,2017-12-21,28,Away,PHI,W (+5),1,6.0,9.0,0.667,1.0,Demar Derozan
31,31.0,2017-12-23,28,Home,PHI,W (+16),1,4.0,7.0,0.5710000000000001,2.0,Demar Derozan
32,32.0,2017-12-26,28,Away,DAL,L (-5),1,0.0,2.0,0.0,3.0,Demar Derozan
33,33.0,2017-12-27,28,Away,OKC,L (-17),1,0.0,3.0,0.0,1.0,Demar Derozan
34,34.0,2017-12-29,28,Home,ATL,W (+13),1,2.0,4.0,0.5,2.0,Demar Derozan
35,35.0,2018-01-01,28,Home,MIL,W (+4),1,5.0,9.0,0.556,3.0,Demar Derozan
36,36.0,2018-01-03,28,Away,CHI,W (+9),1,5.0,8.0,0.625,2.0,Demar Derozan
37,37.0,2018-01-05,28,Away,MIL,W (+19),1,1.0,3.0,0.33299999999999996,2.0,Demar Derozan
38,38.0,2018-01-08,28,Away,BRK,W (+1),1,1.0,4.0,0.25,3.0,Demar Derozan
39,39.0,2018-01-09,28,Home,MIA,L (-1),1,1.0,3.0,0.33299999999999996,1.0,Demar Derozan
40,40.0,2018-01-11,28,Home,CLE,W (+34),1,3.0,5.0,0.6,2.0,Demar Derozan
41,41.0,2018-01-13,28,Home,GSW,L (-2),1,0.0,4.0,0.0,2.0,Demar Derozan
42,42.0,2018-01-15,28,Away,PHI,L (-6),1,0.0,4.0,0.0,2.0,Demar Derozan
43,43.0,2018-01-17,28,Home,DET,W (+5),1,0.0,2.0,0.0,2.0,Demar Derozan
44,44.0,2018-01-19,28,Home,SAS,W (+3),1,0.0,1.0,0.0,2.0,Demar Derozan
45,45.0,2018-01-20,28,Away,MIN,L (-6),1,2.0,5.0,0.4,1.0,Demar Derozan
46,46.0,2018-01-24,28,Away,ATL,W (+15),1,1.0,2.0,0.5,4.0,Demar Derozan
47,47.0,2018-01-26,28,Home,UTA,L (-4),1,0.0,1.0,0.0,2.0,Demar Derozan
48,48.0,2018-01-28,28,Home,LAL,W (+12),1,1.0,6.0,0.16699999999999998,2.0,Demar Derozan
49,49.0,2018-01-30,28,Home,MIN,W (+5),1,1.0,6.0,0.16699999999999998,2.0,Demar Derozan
50,50.0,2018-02-01,28,Away,WAS,L (-3),1,0.0,3.0,0.0,2.0,Demar Derozan
51,51.0,2018-02-02,28,Home,POR,W (+25),1,6.0,10.0,0.6,1.0,Demar Derozan
52,52.0,2018-02-04,28,Home,MEM,W (+15),1,0.0,2.0,0.0,2.0,Demar Derozan
53,53.0,2018-02-06,28,Home,BOS,W (+20),1,2.0,6.0,0.33299999999999996,2.0,Demar Derozan
54,54.0,2018-02-08,28,Home,NYK,W (+25),1,1.0,5.0,0.2,2.0,Demar Derozan
55,55.0,2018-02-11,28,Away,CHO,W (+20),1,3.0,6.0,0.5,3.0,Demar Derozan
56,56.0,2018-02-13,28,Home,MIA,W (+3),1,1.0,7.0,0.14300000000000002,2.0,Demar Derozan
57,57.0,2018-02-14,28,Away,CHI,W (+24),1,0.0,3.0,0.0,1.0,Demar Derozan
58,58.0,2018-02-23,28,Home,MIL,L (-3),1,2.0,6.0,0.33299999999999996,9.0,Demar Derozan
59,59.0,2018-02-26,28,Home,DET,W (+29),1,0.0,1.0,0.0,3.0,Demar Derozan
60,60.0,2018-02-28,28,Away,ORL,W (+13),1,0.0,3.0,0.0,2.0,Demar Derozan
61,61.0,2018-03-02,28,Away,WAS,W (+7),1,0.0,3.0,0.0,2.0,Demar Derozan
62,62.0,2018-03-04,28,Home,CHO,W (+5),1,2.0,7.0,0.28600000000000003,2.0,Demar Derozan
63,63.0,2018-03-06,28,Home,ATL,W (+16),1,1.0,2.0,0.5,2.0,Demar Derozan
64,64.0,2018-03-07,28,Away,DET,W (+2),1,2.0,6.0,0.33299999999999996,1.0,Demar Derozan
65,65.0,2018-03-09,28,Home,HOU,W (+3),1,3.0,7.0,0.429,2.0,Demar Derozan
66,66.0,2018-03-11,28,Away,NYK,W (+26),1,0.0,3.0,0.0,2.0,Demar Derozan
67,67.0,2018-03-13,28,Away,BRK,W (+14),1,1.0,2.0,0.5,2.0,Demar Derozan
68,68.0,2018-03-15,28,Away,IND,W (+7),1,2.0,5.0,0.4,2.0,Demar Derozan
69,69.0,2018-03-16,28,Home,DAL,W (+7),1,1.0,3.0,0.33299999999999996,1.0,Demar Derozan
70,70.0,2018-03-18,28,Home,OKC,L (-7),1,3.0,6.0,0.5,2.0,Demar Derozan
71,,2018-03-20,28,Away,ORL,W (+7),Did Not Play,,,,2.0,Demar Derozan
72,71.0,2018-03-21,28,Away,CLE,L (-3),1,0.0,3.0,0.0,1.0,Demar Derozan
73,72.0,2018-03-23,28,Home,BRK,W (+4),1,0.0,4.0,0.0,2.0,Demar Derozan
74,73.0,2018-03-25,28,Home,LAC,L (-11),1,0.0,1.0,0.0,2.0,Demar Derozan
75,74.0,2018-03-27,28,Home,DEN,W (+4),1,1.0,3.0,0.33299999999999996,2.0,Demar Derozan
76,75.0,2018-03-31,28,Away,BOS,L (-11),1,0.0,5.0,0.0,4.0,Demar Derozan
77,76.0,2018-04-03,28,Away,CLE,L (-6),1,0.0,2.0,0.0,3.0,Demar Derozan
78,77.0,2018-04-04,28,Home,BOS,W (+18),1,3.0,4.0,0.75,1.0,Demar Derozan
79,78.0,2018-04-06,28,Home,IND,W (+19),1,0.0,2.0,0.0,2.0,Demar Derozan
80,,2018-04-08,28,Home,ORL,W (+11),Did Not Dress,,,,2.0,Demar Derozan
81,79.0,2018-04-09,28,Away,DET,W (+10),1,2.0,5.0,0.4,1.0,Demar Derozan
82,80.0,2018-04-11,28,Away,MIA,L (-7),1,0.0,2.0,0.0,2.0,Demar Derozan
1,1.0,2018-04-14,28,Home,WAS,W (+8),1,2.0,5.0,0.4,3.0,Demar Derozan
2,2.0,2018-04-17,28,Home,WAS,W (+11),1,3.0,6.0,0.5,3.0,Demar Derozan
3,3.0,2018-04-20,28,Away,WAS,L (-19),1,1.0,3.0,0.33299999999999996,3.0,Demar Derozan
4,4.0,2018-04-22,28,Away,WAS,L (-8),1,1.0,4.0,0.25,2.0,Demar Derozan
5,5.0,2018-04-25,28,Home,WAS,W (+10),1,3.0,4.0,0.75,3.0,Demar Derozan
6,6.0,2018-04-27,28,Away,WAS,W (+10),1,0.0,4.0,0.0,2.0,Demar Derozan
7,7.0,2018-05-01,28,Home,CLE,L (-1),1,0.0,4.0,0.0,4.0,Demar Derozan
8,8.0,2018-05-03,28,Home,CLE,L (-18),1,0.0,5.0,0.0,2.0,Demar Derozan
9,9.0,2018-05-05,28,Away,CLE,L (-2),1,0.0,0.0,,2.0,Demar Derozan
10,10.0,2018-05-07,28,Away,CLE,L (-35),1,0.0,0.0,,2.0,Demar Derozan
1,1.0,2017-10-19,31,Home,CHI,W (+17),1,1.0,3.0,0.33299999999999996,N/A,Kyle Lowry
2,2.0,2017-10-21,31,Home,PHI,W (+34),1,4.0,10.0,0.4,2.0,Kyle Lowry
3,3.0,2017-10-23,31,Away,SAS,L (-4),1,2.0,8.0,0.25,2.0,Kyle Lowry
4,4.0,2017-10-25,31,Away,GSW,L (-5),1,1.0,8.0,0.125,2.0,Kyle Lowry
5,5.0,2017-10-27,31,Away,LAL,W (+9),1,3.0,7.0,0.429,2.0,Kyle Lowry
6,6.0,2017-10-30,31,Away,POR,W (+14),1,3.0,6.0,0.5,3.0,Kyle Lowry
7,7.0,2017-11-01,31,Away,DEN,L (-18),1,1.0,5.0,0.2,2.0,Kyle Lowry
8,8.0,2017-11-03,31,Away,UTA,W (+9),1,3.0,6.0,0.5,2.0,Kyle Lowry
9,9.0,2017-11-05,31,Home,WAS,L (-11),1,0.0,2.0,0.0,2.0,Kyle Lowry
10,10.0,2017-11-07,31,Home,CHI,W (+5),1,1.0,4.0,0.25,2.0,Kyle Lowry
11,11.0,2017-11-09,31,Home,NOP,W (+4),1,4.0,10.0,0.4,2.0,Kyle Lowry
12,12.0,2017-11-12,31,Away,BOS,L (-1),1,4.0,8.0,0.5,3.0,Kyle Lowry
13,13.0,2017-11-14,31,Away,HOU,W (+16),1,2.0,7.0,0.28600000000000003,2.0,Kyle Lowry
14,14.0,2017-11-15,31,Away,NOP,W (+9),1,4.0,10.0,0.4,1.0,Kyle Lowry
15,15.0,2017-11-17,31,Home,NYK,W (+23),1,5.0,7.0,0.7140000000000001,2.0,Kyle Lowry
16,16.0,2017-11-19,31,Home,WAS,W (+9),1,1.0,6.0,0.16699999999999998,2.0,Kyle Lowry
17,17.0,2017-11-22,31,Away,NYK,L (-8),1,4.0,10.0,0.4,3.0,Kyle Lowry
18,18.0,2017-11-24,31,Away,IND,L (-3),1,5.0,9.0,0.556,2.0,Kyle Lowry
19,19.0,2017-11-25,31,Away,ATL,W (+34),1,4.0,7.0,0.5710000000000001,1.0,Kyle Lowry
20,20.0,2017-11-29,31,Home,CHO,W (+13),1,8.0,11.0,0.727,4.0,Kyle Lowry
21,21.0,2017-12-01,31,Home,IND,W (+5),1,3.0,9.0,0.33299999999999996,2.0,Kyle Lowry
22,22.0,2017-12-05,31,Home,PHO,W (+13),1,5.0,10.0,0.5,4.0,Kyle Lowry
23,23.0,2017-12-08,31,Away,MEM,W (+9),1,4.0,9.0,0.444,3.0,Kyle Lowry
24,24.0,2017-12-10,31,Away,SAC,W (+15),1,3.0,12.0,0.25,2.0,Kyle Lowry
25,25.0,2017-12-11,31,Away,LAC,L (-5),1,0.0,8.0,0.0,1.0,Kyle Lowry
26,26.0,2017-12-13,31,Away,PHO,W (+6),1,2.0,7.0,0.28600000000000003,2.0,Kyle Lowry
27,27.0,2017-12-15,31,Home,BRK,W (+33),1,2.0,5.0,0.4,2.0,Kyle Lowry
28,28.0,2017-12-17,31,Home,SAC,W (+15),1,4.0,8.0,0.5,2.0,Kyle Lowry
29,29.0,2017-12-20,31,Away,CHO,W (+18),1,3.0,5.0,0.6,3.0,Kyle Lowry
30,30.0,2017-12-21,31,Away,PHI,W (+5),1,3.0,9.0,0.33299999999999996,1.0,Kyle Lowry
31,31.0,2017-12-23,31,Home,PHI,W (+16),1,1.0,5.0,0.2,2.0,Kyle Lowry
32,32.0,2017-12-26,31,Away,DAL,L (-5),1,4.0,8.0,0.5,3.0,Kyle Lowry
33,33.0,2017-12-27,31,Away,OKC,L (-17),1,2.0,7.0,0.28600000000000003,1.0,Kyle Lowry
34,34.0,2017-12-29,31,Home,ATL,W (+13),1,2.0,9.0,0.222,2.0,Kyle Lowry
35,35.0,2018-01-01,31,Home,MIL,W (+4),1,5.0,10.0,0.5,3.0,Kyle Lowry
36,36.0,2018-01-03,31,Away,CHI,W (+9),1,2.0,7.0,0.28600000000000003,2.0,Kyle Lowry
37,37.0,2018-01-05,31,Away,MIL,W (+19),1,4.0,8.0,0.5,2.0,Kyle Lowry
38,38.0,2018-01-08,31,Away,BRK,W (+1),1,3.0,6.0,0.5,3.0,Kyle Lowry
39,,2018-01-09,31,Home,MIA,L (-1),Inactive,,,,1.0,Kyle Lowry
40,,2018-01-11,31,Home,CLE,W (+34),Inactive,,,,2.0,Kyle Lowry
41,,2018-01-13,31,Home,GSW,L (-2),Inactive,,,,2.0,Kyle Lowry
42,39.0,2018-01-15,31,Away,PHI,L (-6),1,1.0,5.0,0.2,2.0,Kyle Lowry
43,40.0,2018-01-17,31,Home,DET,W (+5),1,4.0,10.0,0.4,2.0,Kyle Lowry
44,41.0,2018-01-19,31,Home,SAS,W (+3),1,4.0,9.0,0.444,2.0,Kyle Lowry
45,42.0,2018-01-20,31,Away,MIN,L (-6),1,6.0,10.0,0.6,1.0,Kyle Lowry
46,43.0,2018-01-24,31,Away,ATL,W (+15),1,3.0,9.0,0.33299999999999996,4.0,Kyle Lowry
47,44.0,2018-01-26,31,Home,UTA,L (-4),1,0.0,6.0,0.0,2.0,Kyle Lowry
48,45.0,2018-01-28,31,Home,LAL,W (+12),1,1.0,4.0,0.25,2.0,Kyle Lowry
49,46.0,2018-01-30,31,Home,MIN,W (+5),1,2.0,6.0,0.33299999999999996,2.0,Kyle Lowry
50,47.0,2018-02-01,31,Away,WAS,L (-3),1,4.0,11.0,0.364,2.0,Kyle Lowry
51,48.0,2018-02-02,31,Home,POR,W (+25),1,2.0,6.0,0.33299999999999996,1.0,Kyle Lowry
52,49.0,2018-02-04,31,Home,MEM,W (+15),1,1.0,6.0,0.16699999999999998,2.0,Kyle Lowry
53,50.0,2018-02-06,31,Home,BOS,W (+20),1,6.0,11.0,0.545,2.0,Kyle Lowry
54,51.0,2018-02-08,31,Home,NYK,W (+25),1,2.0,8.0,0.25,2.0,Kyle Lowry
55,52.0,2018-02-11,31,Away,CHO,W (+20),1,4.0,9.0,0.444,3.0,Kyle Lowry
56,53.0,2018-02-13,31,Home,MIA,W (+3),1,4.0,8.0,0.5,2.0,Kyle Lowry
57,54.0,2018-02-14,31,Away,CHI,W (+24),1,4.0,7.0,0.5710000000000001,1.0,Kyle Lowry
58,55.0,2018-02-23,31,Home,MIL,L (-3),1,3.0,10.0,0.3,9.0,Kyle Lowry
59,56.0,2018-02-26,31,Home,DET,W (+29),1,6.0,8.0,0.75,3.0,Kyle Lowry
60,57.0,2018-02-28,31,Away,ORL,W (+13),1,4.0,8.0,0.5,2.0,Kyle Lowry
61,58.0,2018-03-02,31,Away,WAS,W (+7),1,1.0,5.0,0.2,2.0,Kyle Lowry
62,59.0,2018-03-04,31,Home,CHO,W (+5),1,2.0,8.0,0.25,2.0,Kyle Lowry
63,60.0,2018-03-06,31,Home,ATL,W (+16),1,0.0,4.0,0.0,2.0,Kyle Lowry
64,61.0,2018-03-07,31,Away,DET,W (+2),1,3.0,7.0,0.429,1.0,Kyle Lowry
65,62.0,2018-03-09,31,Home,HOU,W (+3),1,7.0,9.0,0.778,2.0,Kyle Lowry
66,63.0,2018-03-11,31,Away,NYK,W (+26),1,2.0,7.0,0.28600000000000003,2.0,Kyle Lowry
67,64.0,2018-03-13,31,Away,BRK,W (+14),1,1.0,8.0,0.125,2.0,Kyle Lowry
68,65.0,2018-03-15,31,Away,IND,W (+7),1,3.0,7.0,0.429,2.0,Kyle Lowry
69,,2018-03-16,31,Home,DAL,W (+7),Inactive,,,,1.0,Kyle Lowry
70,66.0,2018-03-18,31,Home,OKC,L (-7),1,5.0,7.0,0.7140000000000001,2.0,Kyle Lowry
71,67.0,2018-03-20,31,Away,ORL,W (+7),1,7.0,13.0,0.5379999999999999,2.0,Kyle Lowry
72,68.0,2018-03-21,31,Away,CLE,L (-3),1,6.0,9.0,0.667,1.0,Kyle Lowry
73,69.0,2018-03-23,31,Home,BRK,W (+4),1,5.0,6.0,0.833,2.0,Kyle Lowry
74,70.0,2018-03-25,32,Home,LAC,L (-11),1,3.0,7.0,0.429,2.0,Kyle Lowry
75,71.0,2018-03-27,32,Home,DEN,W (+4),1,3.0,6.0,0.5,2.0,Kyle Lowry
76,72.0,2018-03-31,32,Away,BOS,L (-11),1,2.0,10.0,0.2,4.0,Kyle Lowry
77,73.0,2018-04-03,32,Away,CLE,L (-6),1,1.0,7.0,0.14300000000000002,3.0,Kyle Lowry
78,74.0,2018-04-04,32,Home,BOS,W (+18),1,2.0,7.0,0.28600000000000003,1.0,Kyle Lowry
79,75.0,2018-04-06,32,Home,IND,W (+19),1,3.0,8.0,0.375,2.0,Kyle Lowry
80,76.0,2018-04-08,32,Home,ORL,W (+11),1,1.0,7.0,0.14300000000000002,2.0,Kyle Lowry
81,77.0,2018-04-09,32,Away,DET,W (+10),1,3.0,7.0,0.429,1.0,Kyle Lowry
82,78.0,2018-04-11,32,Away,MIA,L (-7),1,5.0,10.0,0.5,2.0,Kyle Lowry
1,1.0,2018-04-14,32,Home,WAS,W (+8),1,1.0,4.0,0.25,3.0,Kyle Lowry
2,2.0,2018-04-17,32,Home,WAS,W (+11),1,1.0,8.0,0.125,3.0,Kyle Lowry
3,3.0,2018-04-20,32,Away,WAS,L (-19),1,5.0,8.0,0.625,3.0,Kyle Lowry
4,4.0,2018-04-22,32,Away,WAS,L (-8),1,4.0,6.0,0.667,2.0,Kyle Lowry
5,5.0,2018-04-25,32,Home,WAS,W (+10),1,3.0,6.0,0.5,3.0,Kyle Lowry
6,6.0,2018-04-27,32,Away,WAS,W (+10),1,3.0,7.0,0.429,2.0,Kyle Lowry
7,7.0,2018-05-01,32,Home,CLE,L (-1),1,3.0,6.0,0.5,4.0,Kyle Lowry
8,8.0,2018-05-03,32,Home,CLE,L (-18),1,3.0,6.0,0.5,2.0,Kyle Lowry
9,9.0,2018-05-05,32,Away,CLE,L (-2),1,4.0,8.0,0.5,2.0,Kyle Lowry
10,10.0,2018-05-07,32,Away,CLE,L (-35),1,1.0,4.0,0.25,2.0,Kyle Lowry
1,1.0,2017-10-19,20,Home,CHI,W (+17),0,1.0,3.0,0.33299999999999996,N/A,OG Anunoby
2,2.0,2017-10-21,20,Home,PHI,W (+34),0,1.0,2.0,0.5,2.0,OG Anunoby
3,3.0,2017-10-23,20,Away,SAS,L (-4),0,0.0,2.0,0.0,2.0,OG Anunoby
4,4.0,2017-10-25,20,Away,GSW,L (-5),0,2.0,4.0,0.5,2.0,OG Anunoby
5,5.0,2017-10-27,20,Away,LAL,W (+9),0,1.0,3.0,0.33299999999999996,2.0,OG Anunoby
6,6.0,2017-10-30,20,Away,POR,W (+14),0,0.0,5.0,0.0,3.0,OG Anunoby
7,7.0,2017-11-01,20,Away,DEN,L (-18),0,2.0,3.0,0.667,2.0,OG Anunoby
8,8.0,2017-11-03,20,Away,UTA,W (+9),0,1.0,2.0,0.5,2.0,OG Anunoby
9,9.0,2017-11-05,20,Home,WAS,L (-11),0,0.0,0.0,,2.0,OG Anunoby
10,10.0,2017-11-07,20,Home,CHI,W (+5),0,2.0,3.0,0.667,2.0,OG Anunoby
11,11.0,2017-11-09,20,Home,NOP,W (+4),0,1.0,2.0,0.5,2.0,OG Anunoby
12,12.0,2017-11-12,20,Away,BOS,L (-1),0,0.0,1.0,0.0,3.0,OG Anunoby
13,13.0,2017-11-14,20,Away,HOU,W (+16),1,3.0,4.0,0.75,2.0,OG Anunoby
14,14.0,2017-11-15,20,Away,NOP,W (+9),1,1.0,2.0,0.5,1.0,OG Anunoby
15,15.0,2017-11-17,20,Home,NYK,W (+23),1,1.0,6.0,0.16699999999999998,2.0,OG Anunoby
16,16.0,2017-11-19,20,Home,WAS,W (+9),1,1.0,4.0,0.25,2.0,OG Anunoby
17,17.0,2017-11-22,20,Away,NYK,L (-8),1,1.0,2.0,0.5,3.0,OG Anunoby
18,18.0,2017-11-24,20,Away,IND,L (-3),1,0.0,2.0,0.0,2.0,OG Anunoby
19,19.0,2017-11-25,20,Away,ATL,W (+34),1,3.0,3.0,1.0,1.0,OG Anunoby
20,20.0,2017-11-29,20,Home,CHO,W (+13),1,0.0,0.0,,4.0,OG Anunoby
21,21.0,2017-12-01,20,Home,IND,W (+5),1,0.0,2.0,0.0,2.0,OG Anunoby
22,22.0,2017-12-05,20,Home,PHO,W (+13),1,4.0,5.0,0.8,4.0,OG Anunoby
23,23.0,2017-12-08,20,Away,MEM,W (+9),1,2.0,3.0,0.667,3.0,OG Anunoby
24,24.0,2017-12-10,20,Away,SAC,W (+15),1,1.0,2.0,0.5,2.0,OG Anunoby
25,25.0,2017-12-11,20,Away,LAC,L (-5),1,1.0,2.0,0.5,1.0,OG Anunoby
26,26.0,2017-12-13,20,Away,PHO,W (+6),1,1.0,2.0,0.5,2.0,OG Anunoby
27,27.0,2017-12-15,20,Home,BRK,W (+33),1,1.0,4.0,0.25,2.0,OG Anunoby
28,28.0,2017-12-17,20,Home,SAC,W (+15),1,3.0,6.0,0.5,2.0,OG Anunoby
29,29.0,2017-12-20,20,Away,CHO,W (+18),1,6.0,7.0,0.857,3.0,OG Anunoby
30,30.0,2017-12-21,20,Away,PHI,W (+5),1,1.0,4.0,0.25,1.0,OG Anunoby
31,31.0,2017-12-23,20,Home,PHI,W (+16),1,0.0,3.0,0.0,2.0,OG Anunoby
32,32.0,2017-12-26,20,Away,DAL,L (-5),1,0.0,2.0,0.0,3.0,OG Anunoby
33,33.0,2017-12-27,20,Away,OKC,L (-17),1,2.0,6.0,0.33299999999999996,1.0,OG Anunoby
34,34.0,2017-12-29,20,Home,ATL,W (+13),1,1.0,5.0,0.2,2.0,OG Anunoby
35,35.0,2018-01-01,20,Home,MIL,W (+4),1,0.0,0.0,,3.0,OG Anunoby
36,36.0,2018-01-03,20,Away,CHI,W (+9),1,0.0,4.0,0.0,2.0,OG Anunoby
37,37.0,2018-01-05,20,Away,MIL,W (+19),1,1.0,5.0,0.2,2.0,OG Anunoby
38,38.0,2018-01-08,20,Away,BRK,W (+1),1,0.0,2.0,0.0,3.0,OG Anunoby
39,39.0,2018-01-09,20,Home,MIA,L (-1),1,0.0,0.0,,1.0,OG Anunoby
40,40.0,2018-01-11,20,Home,CLE,W (+34),1,1.0,6.0,0.16699999999999998,2.0,OG Anunoby
41,41.0,2018-01-13,20,Home,GSW,L (-2),1,1.0,3.0,0.33299999999999996,2.0,OG Anunoby
42,42.0,2018-01-15,20,Away,PHI,L (-6),1,0.0,1.0,0.0,2.0,OG Anunoby
43,43.0,2018-01-17,20,Home,DET,W (+5),1,0.0,0.0,,2.0,OG Anunoby
44,44.0,2018-01-19,20,Home,SAS,W (+3),1,0.0,3.0,0.0,2.0,OG Anunoby
45,45.0,2018-01-20,20,Away,MIN,L (-6),1,1.0,3.0,0.33299999999999996,1.0,OG Anunoby
46,46.0,2018-01-24,20,Away,ATL,W (+15),1,2.0,3.0,0.667,4.0,OG Anunoby
47,47.0,2018-01-26,20,Home,UTA,L (-4),1,0.0,1.0,0.0,2.0,OG Anunoby
48,48.0,2018-01-28,20,Home,LAL,W (+12),1,0.0,3.0,0.0,2.0,OG Anunoby
49,49.0,2018-01-30,20,Home,MIN,W (+5),1,1.0,2.0,0.5,2.0,OG Anunoby
50,50.0,2018-02-01,20,Away,WAS,L (-3),1,3.0,5.0,0.6,2.0,OG Anunoby
51,51.0,2018-02-02,20,Home,POR,W (+25),1,0.0,3.0,0.0,1.0,OG Anunoby
52,52.0,2018-02-04,20,Home,MEM,W (+15),1,0.0,4.0,0.0,2.0,OG Anunoby
53,53.0,2018-02-06,20,Home,BOS,W (+20),1,0.0,1.0,0.0,2.0,OG Anunoby
54,54.0,2018-02-08,20,Home,NYK,W (+25),1,1.0,4.0,0.25,2.0,OG Anunoby
55,55.0,2018-02-11,20,Away,CHO,W (+20),1,0.0,0.0,,3.0,OG Anunoby
56,56.0,2018-02-13,20,Home,MIA,W (+3),1,2.0,2.0,1.0,2.0,OG Anunoby
57,57.0,2018-02-14,20,Away,CHI,W (+24),1,0.0,4.0,0.0,1.0,OG Anunoby
58,58.0,2018-02-23,20,Home,MIL,L (-3),1,0.0,0.0,,9.0,OG Anunoby
59,59.0,2018-02-26,20,Home,DET,W (+29),1,1.0,1.0,1.0,3.0,OG Anunoby
60,60.0,2018-02-28,20,Away,ORL,W (+13),1,1.0,1.0,1.0,2.0,OG Anunoby
61,,2018-03-02,20,Away,WAS,W (+7),Inactive,,,,2.0,OG Anunoby
62,,2018-03-04,20,Home,CHO,W (+5),Inactive,,,,2.0,OG Anunoby
63,,2018-03-06,20,Home,ATL,W (+16),Inactive,,,,2.0,OG Anunoby
64,,2018-03-07,20,Away,DET,W (+2),Inactive,,,,1.0,OG Anunoby
65,,2018-03-09,20,Home,HOU,W (+3),Inactive,,,,2.0,OG Anunoby
66,,2018-03-11,20,Away,NYK,W (+26),Inactive,,,,2.0,OG Anunoby
67,,2018-03-13,20,Away,BRK,W (+14),Inactive,,,,2.0,OG Anunoby
68,,2018-03-15,20,Away,IND,W (+7),Did Not Play,,,,2.0,OG Anunoby
69,61.0,2018-03-16,20,Home,DAL,W (+7),1,0.0,1.0,0.0,1.0,OG Anunoby
70,62.0,2018-03-18,20,Home,OKC,L (-7),1,1.0,1.0,1.0,2.0,OG Anunoby
71,63.0,2018-03-20,20,Away,ORL,W (+7),1,0.0,1.0,0.0,2.0,OG Anunoby
72,64.0,2018-03-21,20,Away,CLE,L (-3),1,1.0,1.0,1.0,1.0,OG Anunoby
73,65.0,2018-03-23,20,Home,BRK,W (+4),1,0.0,0.0,,2.0,OG Anunoby
74,66.0,2018-03-25,20,Home,LAC,L (-11),1,1.0,3.0,0.33299999999999996,2.0,OG Anunoby
75,67.0,2018-03-27,20,Home,DEN,W (+4),1,1.0,2.0,0.5,2.0,OG Anunoby
76,68.0,2018-03-31,20,Away,BOS,L (-11),1,1.0,2.0,0.5,4.0,OG Anunoby
77,69.0,2018-04-03,20,Away,CLE,L (-6),1,1.0,3.0,0.33299999999999996,3.0,OG Anunoby
78,70.0,2018-04-04,20,Home,BOS,W (+18),1,0.0,1.0,0.0,1.0,OG Anunoby
79,71.0,2018-04-06,20,Home,IND,W (+19),1,0.0,1.0,0.0,2.0,OG Anunoby
80,72.0,2018-04-08,20,Home,ORL,W (+11),1,5.0,8.0,0.625,2.0,OG Anunoby
81,73.0,2018-04-09,20,Away,DET,W (+10),1,2.0,4.0,0.5,1.0,OG Anunoby
82,74.0,2018-04-11,20,Away,MIA,L (-7),1,1.0,2.0,0.5,2.0,OG Anunoby
1,1.0,2018-04-14,20,Home,WAS,W (+8),1,2.0,4.0,0.5,3.0,OG Anunoby
2,2.0,2018-04-17,20,Home,WAS,W (+11),1,1.0,2.0,0.5,3.0,OG Anunoby
3,3.0,2018-04-20,20,Away,WAS,L (-19),1,2.0,3.0,0.667,3.0,OG Anunoby
4,4.0,2018-04-22,20,Away,WAS,L (-8),1,0.0,0.0,,2.0,OG Anunoby
5,5.0,2018-04-25,20,Home,WAS,W (+10),1,1.0,4.0,0.25,3.0,OG Anunoby
6,6.0,2018-04-27,20,Away,WAS,W (+10),1,1.0,2.0,0.5,2.0,OG Anunoby
7,7.0,2018-05-01,20,Home,CLE,L (-1),1,1.0,3.0,0.33299999999999996,4.0,OG Anunoby
8,8.0,2018-05-03,20,Home,CLE,L (-18),1,1.0,3.0,0.33299999999999996,2.0,OG Anunoby
9,9.0,2018-05-05,20,Away,CLE,L (-2),1,4.0,7.0,0.5710000000000001,2.0,OG Anunoby
10,10.0,2018-05-07,20,Away,CLE,L (-35),1,0.0,1.0,0.0,2.0,OG Anunoby
1,1.0,2017-10-19,28,Home,CHI,W (+17),1,2.0,4.0,0.5,N/A,Serge Ibaka
2,2.0,2017-10-21,28,Home,PHI,W (+34),1,5.0,9.0,0.556,2.0,Serge Ibaka
3,3.0,2017-10-23,28,Away,SAS,L (-4),1,2.0,6.0,0.33299999999999996,2.0,Serge Ibaka
4,4.0,2017-10-25,28,Away,GSW,L (-5),1,1.0,6.0,0.16699999999999998,2.0,Serge Ibaka
5,5.0,2017-10-27,28,Away,LAL,W (+9),1,0.0,1.0,0.0,2.0,Serge Ibaka
6,,2017-10-30,28,Away,POR,W (+14),Did Not Play,,,,3.0,Serge Ibaka
7,6.0,2017-11-01,28,Away,DEN,L (-18),1,1.0,6.0,0.16699999999999998,2.0,Serge Ibaka
8,7.0,2017-11-03,28,Away,UTA,W (+9),1,2.0,5.0,0.4,2.0,Serge Ibaka
9,8.0,2017-11-05,28,Home,WAS,L (-11),1,2.0,6.0,0.33299999999999996,2.0,Serge Ibaka
10,9.0,2017-11-07,28,Home,CHI,W (+5),1,2.0,4.0,0.5,2.0,Serge Ibaka
11,10.0,2017-11-09,28,Home,NOP,W (+4),1,3.0,6.0,0.5,2.0,Serge Ibaka
12,11.0,2017-11-12,28,Away,BOS,L (-1),1,1.0,1.0,1.0,3.0,Serge Ibaka
13,12.0,2017-11-14,28,Away,HOU,W (+16),1,1.0,2.0,0.5,2.0,Serge Ibaka
14,13.0,2017-11-15,28,Away,NOP,W (+9),1,2.0,4.0,0.5,1.0,Serge Ibaka
15,,2017-11-17,28,Home,NYK,W (+23),Inactive,,,,2.0,Serge Ibaka
16,14.0,2017-11-19,28,Home,WAS,W (+9),1,1.0,5.0,0.2,2.0,Serge Ibaka
17,15.0,2017-11-22,28,Away,NYK,L (-8),1,0.0,5.0,0.0,3.0,Serge Ibaka
18,16.0,2017-11-24,28,Away,IND,L (-3),1,0.0,2.0,0.0,2.0,Serge Ibaka
19,17.0,2017-11-25,28,Away,ATL,W (+34),1,0.0,2.0,0.0,1.0,Serge Ibaka
20,18.0,2017-11-29,28,Home,CHO,W (+13),1,0.0,3.0,0.0,4.0,Serge Ibaka
21,19.0,2017-12-01,28,Home,IND,W (+5),1,3.0,4.0,0.75,2.0,Serge Ibaka
22,20.0,2017-12-05,28,Home,PHO,W (+13),1,2.0,5.0,0.4,4.0,Serge Ibaka
23,21.0,2017-12-08,28,Away,MEM,W (+9),1,4.0,5.0,0.8,3.0,Serge Ibaka
24,22.0,2017-12-10,28,Away,SAC,W (+15),1,4.0,7.0,0.5710000000000001,2.0,Serge Ibaka
25,23.0,2017-12-11,28,Away,LAC,L (-5),1,2.0,7.0,0.28600000000000003,1.0,Serge Ibaka
26,24.0,2017-12-13,28,Away,PHO,W (+6),1,3.0,3.0,1.0,2.0,Serge Ibaka
27,25.0,2017-12-15,28,Home,BRK,W (+33),1,2.0,4.0,0.5,2.0,Serge Ibaka
28,,2017-12-17,28,Home,SAC,W (+15),Inactive,,,,2.0,Serge Ibaka
29,26.0,2017-12-20,28,Away,CHO,W (+18),1,2.0,3.0,0.667,3.0,Serge Ibaka
30,27.0,2017-12-21,28,Away,PHI,W (+5),1,0.0,3.0,0.0,1.0,Serge Ibaka
31,28.0,2017-12-23,28,Home,PHI,W (+16),1,1.0,2.0,0.5,2.0,Serge Ibaka
32,29.0,2017-12-26,28,Away,DAL,L (-5),1,0.0,4.0,0.0,3.0,Serge Ibaka
33,30.0,2017-12-27,28,Away,OKC,L (-17),1,1.0,2.0,0.5,1.0,Serge Ibaka
34,,2017-12-29,28,Home,ATL,W (+13),Inactive,,,,2.0,Serge Ibaka
35,31.0,2018-01-01,28,Home,MIL,W (+4),1,0.0,5.0,0.0,3.0,Serge Ibaka
36,32.0,2018-01-03,28,Away,CHI,W (+9),1,1.0,3.0,0.33299999999999996,2.0,Serge Ibaka
37,33.0,2018-01-05,28,Away,MIL,W (+19),1,1.0,5.0,0.2,2.0,Serge Ibaka
38,34.0,2018-01-08,28,Away,BRK,W (+1),1,1.0,3.0,0.33299999999999996,3.0,Serge Ibaka
39,35.0,2018-01-09,28,Home,MIA,L (-1),1,1.0,2.0,0.5,1.0,Serge Ibaka
40,,2018-01-11,28,Home,CLE,W (+34),Player Suspended,,,,2.0,Serge Ibaka
41,36.0,2018-01-13,28,Home,GSW,L (-2),1,2.0,5.0,0.4,2.0,Serge Ibaka
42,37.0,2018-01-15,28,Away,PHI,L (-6),1,0.0,2.0,0.0,2.0,Serge Ibaka
43,38.0,2018-01-17,28,Home,DET,W (+5),1,0.0,1.0,0.0,2.0,Serge Ibaka
44,39.0,2018-01-19,28,Home,SAS,W (+3),1,0.0,3.0,0.0,2.0,Serge Ibaka
45,40.0,2018-01-20,28,Away,MIN,L (-6),1,1.0,4.0,0.25,1.0,Serge Ibaka
46,41.0,2018-01-24,28,Away,ATL,W (+15),1,2.0,4.0,0.5,4.0,Serge Ibaka
47,42.0,2018-01-26,28,Home,UTA,L (-4),1,1.0,5.0,0.2,2.0,Serge Ibaka
48,43.0,2018-01-28,28,Home,LAL,W (+12),1,1.0,1.0,1.0,2.0,Serge Ibaka
49,44.0,2018-01-30,28,Home,MIN,W (+5),1,2.0,5.0,0.4,2.0,Serge Ibaka
50,45.0,2018-02-01,28,Away,WAS,L (-3),1,1.0,3.0,0.33299999999999996,2.0,Serge Ibaka
51,46.0,2018-02-02,28,Home,POR,W (+25),1,1.0,3.0,0.33299999999999996,1.0,Serge Ibaka
52,47.0,2018-02-04,28,Home,MEM,W (+15),1,1.0,4.0,0.25,2.0,Serge Ibaka
53,48.0,2018-02-06,28,Home,BOS,W (+20),1,0.0,0.0,,2.0,Serge Ibaka
54,49.0,2018-02-08,28,Home,NYK,W (+25),1,3.0,7.0,0.429,2.0,Serge Ibaka
55,50.0,2018-02-11,28,Away,CHO,W (+20),1,0.0,3.0,0.0,3.0,Serge Ibaka
56,51.0,2018-02-13,28,Home,MIA,W (+3),1,0.0,1.0,0.0,2.0,Serge Ibaka
57,52.0,2018-02-14,28,Away,CHI,W (+24),1,2.0,3.0,0.667,1.0,Serge Ibaka
58,53.0,2018-02-23,28,Home,MIL,L (-3),1,2.0,5.0,0.4,9.0,Serge Ibaka
59,54.0,2018-02-26,28,Home,DET,W (+29),1,3.0,8.0,0.375,3.0,Serge Ibaka
60,55.0,2018-02-28,28,Away,ORL,W (+13),1,1.0,2.0,0.5,2.0,Serge Ibaka
61,56.0,2018-03-02,28,Away,WAS,W (+7),1,0.0,2.0,0.0,2.0,Serge Ibaka
62,57.0,2018-03-04,28,Home,CHO,W (+5),1,3.0,5.0,0.6,2.0,Serge Ibaka
63,58.0,2018-03-06,28,Home,ATL,W (+16),1,2.0,7.0,0.28600000000000003,2.0,Serge Ibaka
64,59.0,2018-03-07,28,Away,DET,W (+2),1,0.0,4.0,0.0,1.0,Serge Ibaka
65,60.0,2018-03-09,28,Home,HOU,W (+3),1,1.0,5.0,0.2,2.0,Serge Ibaka
66,61.0,2018-03-11,28,Away,NYK,W (+26),1,2.0,5.0,0.4,2.0,Serge Ibaka
67,62.0,2018-03-13,28,Away,BRK,W (+14),1,0.0,1.0,0.0,2.0,Serge Ibaka
68,63.0,2018-03-15,28,Away,IND,W (+7),1,3.0,8.0,0.375,2.0,Serge Ibaka
69,64.0,2018-03-16,28,Home,DAL,W (+7),1,2.0,5.0,0.4,1.0,Serge Ibaka
70,65.0,2018-03-18,28,Home,OKC,L (-7),1,1.0,3.0,0.33299999999999996,2.0,Serge Ibaka
71,66.0,2018-03-20,28,Away,ORL,W (+7),1,2.0,4.0,0.5,2.0,Serge Ibaka
72,67.0,2018-03-21,28,Away,CLE,L (-3),1,0.0,4.0,0.0,1.0,Serge Ibaka
73,68.0,2018-03-23,28,Home,BRK,W (+4),1,0.0,1.0,0.0,2.0,Serge Ibaka
74,69.0,2018-03-25,28,Home,LAC,L (-11),1,2.0,5.0,0.4,2.0,Serge Ibaka
75,70.0,2018-03-27,28,Home,DEN,W (+4),1,1.0,4.0,0.25,2.0,Serge Ibaka
76,71.0,2018-03-31,28,Away,BOS,L (-11),1,3.0,3.0,1.0,4.0,Serge Ibaka
77,72.0,2018-04-03,28,Away,CLE,L (-6),1,2.0,5.0,0.4,3.0,Serge Ibaka
78,73.0,2018-04-04,28,Home,BOS,W (+18),1,1.0,4.0,0.25,1.0,Serge Ibaka
79,74.0,2018-04-06,28,Home,IND,W (+19),1,5.0,7.0,0.7140000000000001,2.0,Serge Ibaka
80,75.0,2018-04-08,28,Home,ORL,W (+11),1,1.0,2.0,0.5,2.0,Serge Ibaka
81,,2018-04-09,28,Away,DET,W (+10),Inactive,,,,1.0,Serge Ibaka
82,76.0,2018-04-11,28,Away,MIA,L (-7),1,0.0,0.0,,2.0,Serge Ibaka
1,1.0,2018-04-14,28,Home,WAS,W (+8),1,3.0,4.0,0.75,3.0,Serge Ibaka
2,2.0,2018-04-17,28,Home,WAS,W (+11),1,1.0,3.0,0.33299999999999996,3.0,Serge Ibaka
3,3.0,2018-04-20,28,Away,WAS,L (-19),1,0.0,1.0,0.0,3.0,Serge Ibaka
4,4.0,2018-04-22,28,Away,WAS,L (-8),1,1.0,2.0,0.5,2.0,Serge Ibaka
5,5.0,2018-04-25,28,Home,WAS,W (+10),1,0.0,1.0,0.0,3.0,Serge Ibaka
6,6.0,2018-04-27,28,Away,WAS,W (+10),1,1.0,3.0,0.33299999999999996,2.0,Serge Ibaka
7,7.0,2018-05-01,28,Home,CLE,L (-1),1,0.0,3.0,0.0,4.0,Serge Ibaka
8,8.0,2018-05-03,28,Home,CLE,L (-18),1,0.0,1.0,0.0,2.0,Serge Ibaka
9,9.0,2018-05-05,28,Away,CLE,L (-2),0,1.0,3.0,0.33299999999999996,2.0,Serge Ibaka
10,10.0,2018-05-07,28,Away,CLE,L (-35),1,2.0,3.0,0.667,2.0,Serge Ibaka
1,1.0,2017-10-19,25,Home,CHI,W (+17),1,0.0,1.0,0.0,N/A,Jonas Valanciunas
2,2.0,2017-10-21,25,Home,PHI,W (+34),1,0.0,0.0,,2.0,Jonas Valanciunas
3,,2017-10-23,25,Away,SAS,L (-4),Inactive,,,,2.0,Jonas Valanciunas
4,,2017-10-25,25,Away,GSW,L (-5),Inactive,,,,2.0,Jonas Valanciunas
5,,2017-10-27,25,Away,LAL,W (+9),Inactive,,,,2.0,Jonas Valanciunas
6,,2017-10-30,25,Away,POR,W (+14),Inactive,,,,3.0,Jonas Valanciunas
7,3.0,2017-11-01,25,Away,DEN,L (-18),1,0.0,0.0,,2.0,Jonas Valanciunas
8,4.0,2017-11-03,25,Away,UTA,W (+9),1,0.0,0.0,,2.0,Jonas Valanciunas
9,5.0,2017-11-05,25,Home,WAS,L (-11),1,0.0,0.0,,2.0,Jonas Valanciunas
10,6.0,2017-11-07,25,Home,CHI,W (+5),1,1.0,1.0,1.0,2.0,Jonas Valanciunas
11,7.0,2017-11-09,25,Home,NOP,W (+4),1,0.0,0.0,,2.0,Jonas Valanciunas
12,8.0,2017-11-12,25,Away,BOS,L (-1),1,0.0,1.0,0.0,3.0,Jonas Valanciunas
13,9.0,2017-11-14,25,Away,HOU,W (+16),1,0.0,0.0,,2.0,Jonas Valanciunas
14,10.0,2017-11-15,25,Away,NOP,W (+9),1,0.0,0.0,,1.0,Jonas Valanciunas
15,11.0,2017-11-17,25,Home,NYK,W (+23),1,0.0,0.0,,2.0,Jonas Valanciunas
16,12.0,2017-11-19,25,Home,WAS,W (+9),1,0.0,0.0,,2.0,Jonas Valanciunas
17,13.0,2017-11-22,25,Away,NYK,L (-8),1,0.0,0.0,,3.0,Jonas Valanciunas
18,14.0,2017-11-24,25,Away,IND,L (-3),1,0.0,0.0,,2.0,Jonas Valanciunas
19,15.0,2017-11-25,25,Away,ATL,W (+34),1,0.0,1.0,0.0,1.0,Jonas Valanciunas
20,16.0,2017-11-29,25,Home,CHO,W (+13),1,0.0,1.0,0.0,4.0,Jonas Valanciunas
21,17.0,2017-12-01,25,Home,IND,W (+5),1,0.0,0.0,,2.0,Jonas Valanciunas
22,18.0,2017-12-05,25,Home,PHO,W (+13),1,0.0,0.0,,4.0,Jonas Valanciunas
23,19.0,2017-12-08,25,Away,MEM,W (+9),1,0.0,0.0,,3.0,Jonas Valanciunas
24,20.0,2017-12-10,25,Away,SAC,W (+15),1,1.0,1.0,1.0,2.0,Jonas Valanciunas
25,21.0,2017-12-11,25,Away,LAC,L (-5),1,1.0,1.0,1.0,1.0,Jonas Valanciunas
26,22.0,2017-12-13,25,Away,PHO,W (+6),1,1.0,1.0,1.0,2.0,Jonas Valanciunas
27,23.0,2017-12-15,25,Home,BRK,W (+33),1,0.0,1.0,0.0,2.0,Jonas Valanciunas
28,24.0,2017-12-17,25,Home,SAC,W (+15),1,0.0,1.0,0.0,2.0,Jonas Valanciunas
29,25.0,2017-12-20,25,Away,CHO,W (+18),1,0.0,1.0,0.0,3.0,Jonas Valanciunas
30,26.0,2017-12-21,25,Away,PHI,W (+5),1,0.0,0.0,,1.0,Jonas Valanciunas
31,27.0,2017-12-23,25,Home,PHI,W (+16),1,0.0,0.0,,2.0,Jonas Valanciunas
32,28.0,2017-12-26,25,Away,DAL,L (-5),1,0.0,0.0,,3.0,Jonas Valanciunas
33,29.0,2017-12-27,25,Away,OKC,L (-17),1,0.0,1.0,0.0,1.0,Jonas Valanciunas
34,30.0,2017-12-29,25,Home,ATL,W (+13),1,1.0,2.0,0.5,2.0,Jonas Valanciunas
35,31.0,2018-01-01,25,Home,MIL,W (+4),1,0.0,0.0,,3.0,Jonas Valanciunas
36,32.0,2018-01-03,25,Away,CHI,W (+9),1,0.0,0.0,,2.0,Jonas Valanciunas
37,33.0,2018-01-05,25,Away,MIL,W (+19),1,0.0,0.0,,2.0,Jonas Valanciunas
38,34.0,2018-01-08,25,Away,BRK,W (+1),1,1.0,2.0,0.5,3.0,Jonas Valanciunas
39,35.0,2018-01-09,25,Home,MIA,L (-1),1,0.0,1.0,0.0,1.0,Jonas Valanciunas
40,36.0,2018-01-11,25,Home,CLE,W (+34),1,0.0,1.0,0.0,2.0,Jonas Valanciunas
41,37.0,2018-01-13,25,Home,GSW,L (-2),1,0.0,0.0,,2.0,Jonas Valanciunas
42,38.0,2018-01-15,25,Away,PHI,L (-6),1,0.0,0.0,,2.0,Jonas Valanciunas
43,39.0,2018-01-17,25,Home,DET,W (+5),1,1.0,2.0,0.5,2.0,Jonas Valanciunas
44,40.0,2018-01-19,25,Home,SAS,W (+3),1,1.0,1.0,1.0,2.0,Jonas Valanciunas
45,41.0,2018-01-20,25,Away,MIN,L (-6),1,0.0,0.0,,1.0,Jonas Valanciunas
46,42.0,2018-01-24,25,Away,ATL,W (+15),1,0.0,1.0,0.0,4.0,Jonas Valanciunas
47,43.0,2018-01-26,25,Home,UTA,L (-4),1,2.0,2.0,1.0,2.0,Jonas Valanciunas
48,44.0,2018-01-28,25,Home,LAL,W (+12),1,1.0,1.0,1.0,2.0,Jonas Valanciunas
49,45.0,2018-01-30,25,Home,MIN,W (+5),1,0.0,1.0,0.0,2.0,Jonas Valanciunas
50,46.0,2018-02-01,25,Away,WAS,L (-3),1,2.0,2.0,1.0,2.0,Jonas Valanciunas
51,47.0,2018-02-02,25,Home,POR,W (+25),1,2.0,4.0,0.5,1.0,Jonas Valanciunas
52,48.0,2018-02-04,25,Home,MEM,W (+15),1,1.0,2.0,0.5,2.0,Jonas Valanciunas
53,49.0,2018-02-06,25,Home,BOS,W (+20),1,0.0,2.0,0.0,2.0,Jonas Valanciunas
54,50.0,2018-02-08,25,Home,NYK,W (+25),1,2.0,3.0,0.667,2.0,Jonas Valanciunas
55,51.0,2018-02-11,25,Away,CHO,W (+20),1,2.0,2.0,1.0,3.0,Jonas Valanciunas
56,52.0,2018-02-13,25,Home,MIA,W (+3),1,0.0,0.0,,2.0,Jonas Valanciunas
57,53.0,2018-02-14,25,Away,CHI,W (+24),1,0.0,1.0,0.0,1.0,Jonas Valanciunas
58,54.0,2018-02-23,25,Home,MIL,L (-3),1,0.0,0.0,,9.0,Jonas Valanciunas
59,55.0,2018-02-26,25,Home,DET,W (+29),1,0.0,2.0,0.0,3.0,Jonas Valanciunas
60,56.0,2018-02-28,25,Away,ORL,W (+13),1,1.0,2.0,0.5,2.0,Jonas Valanciunas
61,57.0,2018-03-02,25,Away,WAS,W (+7),1,1.0,1.0,1.0,2.0,Jonas Valanciunas
62,58.0,2018-03-04,25,Home,CHO,W (+5),1,2.0,3.0,0.667,2.0,Jonas Valanciunas
63,59.0,2018-03-06,25,Home,ATL,W (+16),1,0.0,2.0,0.0,2.0,Jonas Valanciunas
64,60.0,2018-03-07,25,Away,DET,W (+2),1,1.0,4.0,0.25,1.0,Jonas Valanciunas
65,61.0,2018-03-09,25,Home,HOU,W (+3),1,0.0,0.0,,2.0,Jonas Valanciunas
66,62.0,2018-03-11,25,Away,NYK,W (+26),1,0.0,0.0,,2.0,Jonas Valanciunas
67,63.0,2018-03-13,25,Away,BRK,W (+14),1,0.0,1.0,0.0,2.0,Jonas Valanciunas
68,64.0,2018-03-15,25,Away,IND,W (+7),1,1.0,1.0,1.0,2.0,Jonas Valanciunas
69,65.0,2018-03-16,25,Home,DAL,W (+7),1,0.0,0.0,,1.0,Jonas Valanciunas
70,66.0,2018-03-18,25,Home,OKC,L (-7),1,0.0,0.0,,2.0,Jonas Valanciunas
71,67.0,2018-03-20,25,Away,ORL,W (+7),1,0.0,2.0,0.0,2.0,Jonas Valanciunas
72,68.0,2018-03-21,25,Away,CLE,L (-3),1,1.0,1.0,1.0,1.0,Jonas Valanciunas
73,69.0,2018-03-23,25,Home,BRK,W (+4),1,1.0,4.0,0.25,2.0,Jonas Valanciunas
74,70.0,2018-03-25,25,Home,LAC,L (-11),1,1.0,1.0,1.0,2.0,Jonas Valanciunas
75,71.0,2018-03-27,25,Home,DEN,W (+4),1,0.0,1.0,0.0,2.0,Jonas Valanciunas
76,72.0,2018-03-31,25,Away,BOS,L (-11),1,0.0,1.0,0.0,4.0,Jonas Valanciunas
77,73.0,2018-04-03,25,Away,CLE,L (-6),1,0.0,1.0,0.0,3.0,Jonas Valanciunas
78,74.0,2018-04-04,25,Home,BOS,W (+18),1,0.0,2.0,0.0,1.0,Jonas Valanciunas
79,75.0,2018-04-06,25,Home,IND,W (+19),1,0.0,0.0,,2.0,Jonas Valanciunas
80,,2018-04-08,25,Home,ORL,W (+11),Inactive,,,,2.0,Jonas Valanciunas
81,76.0,2018-04-09,25,Away,DET,W (+10),1,1.0,1.0,1.0,1.0,Jonas Valanciunas
82,77.0,2018-04-11,25,Away,MIA,L (-7),1,0.0,2.0,0.0,2.0,Jonas Valanciunas
1,1.0,2018-04-14,25,Home,WAS,W (+8),1,0.0,0.0,,3.0,Jonas Valanciunas
2,2.0,2018-04-17,25,Home,WAS,W (+11),1,1.0,2.0,0.5,3.0,Jonas Valanciunas
3,3.0,2018-04-20,25,Away,WAS,L (-19),1,1.0,1.0,1.0,3.0,Jonas Valanciunas
4,4.0,2018-04-22,25,Away,WAS,L (-8),1,0.0,0.0,,2.0,Jonas Valanciunas
5,5.0,2018-04-25,25,Home,WAS,W (+10),1,0.0,0.0,,3.0,Jonas Valanciunas
6,6.0,2018-04-27,25,Away,WAS,W (+10),1,0.0,0.0,,2.0,Jonas Valanciunas
7,7.0,2018-05-01,25,Home,CLE,L (-1),1,0.0,1.0,0.0,4.0,Jonas Valanciunas
8,8.0,2018-05-03,25,Home,CLE,L (-18),1,0.0,1.0,0.0,2.0,Jonas Valanciunas
9,9.0,2018-05-05,25,Away,CLE,L (-2),1,0.0,0.0,,2.0,Jonas Valanciunas
10,10.0,2018-05-07,26,Away,CLE,L (-35),0,0.0,0.0,,2.0,Jonas Valanciunas
1,1.0,2017-10-19,23,Home,CHI,W (+17),0,0.0,0.0,,N/A,Pascal Siakam
2,2.0,2017-10-21,23,Home,PHI,W (+34),0,0.0,2.0,0.0,2.0,Pascal Siakam
3,,2017-10-23,23,Away,SAS,L (-4),Did Not Play,,,,2.0,Pascal Siakam
4,3.0,2017-10-25,23,Away,GSW,L (-5),1,2.0,3.0,0.667,2.0,Pascal Siakam
5,4.0,2017-10-27,23,Away,LAL,W (+9),1,1.0,3.0,0.33299999999999996,2.0,Pascal Siakam
6,5.0,2017-10-30,23,Away,POR,W (+14),1,0.0,2.0,0.0,3.0,Pascal Siakam
7,6.0,2017-11-01,23,Away,DEN,L (-18),0,1.0,2.0,0.5,2.0,Pascal Siakam
8,7.0,2017-11-03,23,Away,UTA,W (+9),0,0.0,3.0,0.0,2.0,Pascal Siakam
9,8.0,2017-11-05,23,Home,WAS,L (-11),0,1.0,1.0,1.0,2.0,Pascal Siakam
10,9.0,2017-11-07,23,Home,CHI,W (+5),0,0.0,1.0,0.0,2.0,Pascal Siakam
11,10.0,2017-11-09,23,Home,NOP,W (+4),0,0.0,0.0,,2.0,Pascal Siakam
12,11.0,2017-11-12,23,Away,BOS,L (-1),0,2.0,3.0,0.667,3.0,Pascal Siakam
13,12.0,2017-11-14,23,Away,HOU,W (+16),0,0.0,1.0,0.0,2.0,Pascal Siakam
14,13.0,2017-11-15,23,Away,NOP,W (+9),0,0.0,3.0,0.0,1.0,Pascal Siakam
15,14.0,2017-11-17,23,Home,NYK,W (+23),1,0.0,5.0,0.0,2.0,Pascal Siakam
16,15.0,2017-11-19,23,Home,WAS,W (+9),0,0.0,1.0,0.0,2.0,Pascal Siakam
17,16.0,2017-11-22,23,Away,NYK,L (-8),0,0.0,1.0,0.0,3.0,Pascal Siakam
18,17.0,2017-11-24,23,Away,IND,L (-3),0,1.0,4.0,0.25,2.0,Pascal Siakam
19,18.0,2017-11-25,23,Away,ATL,W (+34),0,1.0,4.0,0.25,1.0,Pascal Siakam
20,19.0,2017-11-29,23,Home,CHO,W (+13),0,0.0,1.0,0.0,4.0,Pascal Siakam
21,20.0,2017-12-01,23,Home,IND,W (+5),0,0.0,3.0,0.0,2.0,Pascal Siakam
22,21.0,2017-12-05,23,Home,PHO,W (+13),0,0.0,1.0,0.0,4.0,Pascal Siakam
23,22.0,2017-12-08,23,Away,MEM,W (+9),0,0.0,1.0,0.0,3.0,Pascal Siakam
24,23.0,2017-12-10,23,Away,SAC,W (+15),0,0.0,2.0,0.0,2.0,Pascal Siakam
25,24.0,2017-12-11,23,Away,LAC,L (-5),0,0.0,1.0,0.0,1.0,Pascal Siakam
26,25.0,2017-12-13,23,Away,PHO,W (+6),0,0.0,1.0,0.0,2.0,Pascal Siakam
27,26.0,2017-12-15,23,Home,BRK,W (+33),0,0.0,5.0,0.0,2.0,Pascal Siakam
28,27.0,2017-12-17,23,Home,SAC,W (+15),0,0.0,2.0,0.0,2.0,Pascal Siakam
29,28.0,2017-12-20,23,Away,CHO,W (+18),0,0.0,1.0,0.0,3.0,Pascal Siakam
30,29.0,2017-12-21,23,Away,PHI,W (+5),0,0.0,3.0,0.0,1.0,Pascal Siakam
31,30.0,2017-12-23,23,Home,PHI,W (+16),0,0.0,2.0,0.0,2.0,Pascal Siakam
32,31.0,2017-12-26,23,Away,DAL,L (-5),0,0.0,1.0,0.0,3.0,Pascal Siakam
33,32.0,2017-12-27,23,Away,OKC,L (-17),0,0.0,1.0,0.0,1.0,Pascal Siakam
34,33.0,2017-12-29,23,Home,ATL,W (+13),0,1.0,3.0,0.33299999999999996,2.0,Pascal Siakam
35,34.0,2018-01-01,23,Home,MIL,W (+4),0,0.0,0.0,,3.0,Pascal Siakam
36,35.0,2018-01-03,23,Away,CHI,W (+9),0,0.0,1.0,0.0,2.0,Pascal Siakam
37,36.0,2018-01-05,23,Away,MIL,W (+19),0,0.0,1.0,0.0,2.0,Pascal Siakam
38,37.0,2018-01-08,23,Away,BRK,W (+1),0,1.0,6.0,0.16699999999999998,3.0,Pascal Siakam
39,38.0,2018-01-09,23,Home,MIA,L (-1),0,0.0,0.0,,1.0,Pascal Siakam
40,39.0,2018-01-11,23,Home,CLE,W (+34),0,0.0,3.0,0.0,2.0,Pascal Siakam
41,40.0,2018-01-13,23,Home,GSW,L (-2),0,0.0,0.0,,2.0,Pascal Siakam
42,41.0,2018-01-15,23,Away,PHI,L (-6),0,1.0,3.0,0.33299999999999996,2.0,Pascal Siakam
43,42.0,2018-01-17,23,Home,DET,W (+5),0,0.0,0.0,,2.0,Pascal Siakam
44,43.0,2018-01-19,23,Home,SAS,W (+3),0,2.0,4.0,0.5,2.0,Pascal Siakam
45,44.0,2018-01-20,23,Away,MIN,L (-6),0,0.0,2.0,0.0,1.0,Pascal Siakam
46,45.0,2018-01-24,23,Away,ATL,W (+15),0,0.0,2.0,0.0,4.0,Pascal Siakam
47,46.0,2018-01-26,23,Home,UTA,L (-4),0,0.0,1.0,0.0,2.0,Pascal Siakam
48,47.0,2018-01-28,23,Home,LAL,W (+12),0,1.0,1.0,1.0,2.0,Pascal Siakam
49,48.0,2018-01-30,23,Home,MIN,W (+5),0,0.0,0.0,,2.0,Pascal Siakam
50,49.0,2018-02-01,23,Away,WAS,L (-3),0,0.0,0.0,,2.0,Pascal Siakam
51,50.0,2018-02-02,23,Home,POR,W (+25),0,1.0,3.0,0.33299999999999996,1.0,Pascal Siakam
52,51.0,2018-02-04,23,Home,MEM,W (+15),0,0.0,3.0,0.0,2.0,Pascal Siakam
53,52.0,2018-02-06,23,Home,BOS,W (+20),0,0.0,1.0,0.0,2.0,Pascal Siakam
54,53.0,2018-02-08,23,Home,NYK,W (+25),0,1.0,2.0,0.5,2.0,Pascal Siakam
55,54.0,2018-02-11,23,Away,CHO,W (+20),0,1.0,1.0,1.0,3.0,Pascal Siakam
56,55.0,2018-02-13,23,Home,MIA,W (+3),0,0.0,1.0,0.0,2.0,Pascal Siakam
57,56.0,2018-02-14,23,Away,CHI,W (+24),0,2.0,2.0,1.0,1.0,Pascal Siakam
58,57.0,2018-02-23,23,Home,MIL,L (-3),0,0.0,1.0,0.0,9.0,Pascal Siakam
59,58.0,2018-02-26,23,Home,DET,W (+29),0,0.0,1.0,0.0,3.0,Pascal Siakam
60,59.0,2018-02-28,23,Away,ORL,W (+13),0,0.0,1.0,0.0,2.0,Pascal Siakam
61,60.0,2018-03-02,23,Away,WAS,W (+7),0,0.0,2.0,0.0,2.0,Pascal Siakam
62,61.0,2018-03-04,23,Home,CHO,W (+5),0,0.0,1.0,0.0,2.0,Pascal Siakam
63,62.0,2018-03-06,23,Home,ATL,W (+16),0,0.0,1.0,0.0,2.0,Pascal Siakam
64,63.0,2018-03-07,23,Away,DET,W (+2),0,1.0,2.0,0.5,1.0,Pascal Siakam
65,64.0,2018-03-09,23,Home,HOU,W (+3),0,0.0,0.0,,2.0,Pascal Siakam
66,65.0,2018-03-11,23,Away,NYK,W (+26),0,0.0,0.0,,2.0,Pascal Siakam
67,66.0,2018-03-13,23,Away,BRK,W (+14),0,0.0,0.0,,2.0,Pascal Siakam
68,67.0,2018-03-15,23,Away,IND,W (+7),0,0.0,1.0,0.0,2.0,Pascal Siakam
69,68.0,2018-03-16,23,Home,DAL,W (+7),0,0.0,0.0,,1.0,Pascal Siakam
70,69.0,2018-03-18,23,Home,OKC,L (-7),0,0.0,0.0,,2.0,Pascal Siakam
71,70.0,2018-03-20,23,Away,ORL,W (+7),0,1.0,2.0,0.5,2.0,Pascal Siakam
72,71.0,2018-03-21,23,Away,CLE,L (-3),0,1.0,3.0,0.33299999999999996,1.0,Pascal Siakam
73,72.0,2018-03-23,23,Home,BRK,W (+4),0,2.0,2.0,1.0,2.0,Pascal Siakam
74,73.0,2018-03-25,23,Home,LAC,L (-11),0,2.0,2.0,1.0,2.0,Pascal Siakam
75,74.0,2018-03-27,23,Home,DEN,W (+4),0,0.0,2.0,0.0,2.0,Pascal Siakam
76,75.0,2018-03-31,23,Away,BOS,L (-11),0,0.0,1.0,0.0,4.0,Pascal Siakam
77,76.0,2018-04-03,24,Away,CLE,L (-6),0,0.0,1.0,0.0,3.0,Pascal Siakam
78,77.0,2018-04-04,24,Home,BOS,W (+18),0,0.0,0.0,,1.0,Pascal Siakam
79,78.0,2018-04-06,24,Home,IND,W (+19),0,0.0,1.0,0.0,2.0,Pascal Siakam
80,79.0,2018-04-08,24,Home,ORL,W (+11),0,0.0,0.0,,2.0,Pascal Siakam
81,80.0,2018-04-09,24,Away,DET,W (+10),1,2.0,3.0,0.667,1.0,Pascal Siakam
82,81.0,2018-04-11,24,Away,MIA,L (-7),0,0.0,1.0,0.0,2.0,Pascal Siakam
1,1.0,2018-04-14,24,Home,WAS,W (+8),0,1.0,2.0,0.5,3.0,Pascal Siakam
2,2.0,2018-04-17,24,Home,WAS,W (+11),0,0.0,0.0,,3.0,Pascal Siakam
3,3.0,2018-04-20,24,Away,WAS,L (-19),0,1.0,1.0,1.0,3.0,Pascal Siakam
4,4.0,2018-04-22,24,Away,WAS,L (-8),0,0.0,0.0,,2.0,Pascal Siakam
5,5.0,2018-04-25,24,Home,WAS,W (+10),0,0.0,0.0,,3.0,Pascal Siakam
6,6.0,2018-04-27,24,Away,WAS,W (+10),0,0.0,0.0,,2.0,Pascal Siakam
7,7.0,2018-05-01,24,Home,CLE,L (-1),0,1.0,1.0,1.0,4.0,Pascal Siakam
8,8.0,2018-05-03,24,Home,CLE,L (-18),0,0.0,0.0,,2.0,Pascal Siakam
9,9.0,2018-05-05,24,Away,CLE,L (-2),0,0.0,0.0,,2.0,Pascal Siakam
10,10.0,2018-05-07,24,Away,CLE,L (-35),0,0.0,0.0,,2.0,Pascal Siakam
1,1.0,2017-10-19,22,Home,CHI,W (+17),0,0.0,0.0,,N/A,Jakob Poltl
2,2.0,2017-10-21,22,Home,PHI,W (+34),0,0.0,0.0,,2.0,Jakob Poltl
3,3.0,2017-10-23,22,Away,SAS,L (-4),0,0.0,0.0,,2.0,Jakob Poltl
4,4.0,2017-10-25,22,Away,GSW,L (-5),0,0.0,0.0,,2.0,Jakob Poltl
5,5.0,2017-10-27,22,Away,LAL,W (+9),0,0.0,0.0,,2.0,Jakob Poltl
6,6.0,2017-10-30,22,Away,POR,W (+14),0,0.0,0.0,,3.0,Jakob Poltl
7,7.0,2017-11-01,22,Away,DEN,L (-18),0,0.0,0.0,,2.0,Jakob Poltl
8,8.0,2017-11-03,22,Away,UTA,W (+9),0,0.0,0.0,,2.0,Jakob Poltl
9,9.0,2017-11-05,22,Home,WAS,L (-11),0,0.0,0.0,,2.0,Jakob Poltl
10,10.0,2017-11-07,22,Home,CHI,W (+5),0,0.0,0.0,,2.0,Jakob Poltl
11,11.0,2017-11-09,22,Home,NOP,W (+4),0,0.0,0.0,,2.0,Jakob Poltl
12,12.0,2017-11-12,22,Away,BOS,L (-1),0,0.0,0.0,,3.0,Jakob Poltl
13,13.0,2017-11-14,22,Away,HOU,W (+16),0,0.0,0.0,,2.0,Jakob Poltl
14,14.0,2017-11-15,22,Away,NOP,W (+9),0,0.0,0.0,,1.0,Jakob Poltl
15,15.0,2017-11-17,22,Home,NYK,W (+23),0,0.0,0.0,,2.0,Jakob Poltl
16,16.0,2017-11-19,22,Home,WAS,W (+9),0,0.0,0.0,,2.0,Jakob Poltl
17,17.0,2017-11-22,22,Away,NYK,L (-8),0,0.0,0.0,,3.0,Jakob Poltl
18,18.0,2017-11-24,22,Away,IND,L (-3),0,0.0,0.0,,2.0,Jakob Poltl
19,19.0,2017-11-25,22,Away,ATL,W (+34),0,0.0,0.0,,1.0,Jakob Poltl
20,20.0,2017-11-29,22,Home,CHO,W (+13),0,0.0,0.0,,4.0,Jakob Poltl
21,21.0,2017-12-01,22,Home,IND,W (+5),0,0.0,0.0,,2.0,Jakob Poltl
22,22.0,2017-12-05,22,Home,PHO,W (+13),0,0.0,0.0,,4.0,Jakob Poltl
23,23.0,2017-12-08,22,Away,MEM,W (+9),0,0.0,0.0,,3.0,Jakob Poltl
24,24.0,2017-12-10,22,Away,SAC,W (+15),0,1.0,1.0,1.0,2.0,Jakob Poltl
25,25.0,2017-12-11,22,Away,LAC,L (-5),0,0.0,0.0,,1.0,Jakob Poltl
26,26.0,2017-12-13,22,Away,PHO,W (+6),0,0.0,0.0,,2.0,Jakob Poltl
27,27.0,2017-12-15,22,Home,BRK,W (+33),0,0.0,1.0,0.0,2.0,Jakob Poltl
28,28.0,2017-12-17,22,Home,SAC,W (+15),0,0.0,0.0,,2.0,Jakob Poltl
29,29.0,2017-12-20,22,Away,CHO,W (+18),0,0.0,0.0,,3.0,Jakob Poltl
30,30.0,2017-12-21,22,Away,PHI,W (+5),0,0.0,0.0,,1.0,Jakob Poltl
31,31.0,2017-12-23,22,Home,PHI,W (+16),0,0.0,0.0,,2.0,Jakob Poltl
32,32.0,2017-12-26,22,Away,DAL,L (-5),0,0.0,0.0,,3.0,Jakob Poltl
33,33.0,2017-12-27,22,Away,OKC,L (-17),0,0.0,0.0,,1.0,Jakob Poltl
34,34.0,2017-12-29,22,Home,ATL,W (+13),0,0.0,0.0,,2.0,Jakob Poltl
35,35.0,2018-01-01,22,Home,MIL,W (+4),0,0.0,0.0,,3.0,Jakob Poltl
36,36.0,2018-01-03,22,Away,CHI,W (+9),0,0.0,0.0,,2.0,Jakob Poltl
37,37.0,2018-01-05,22,Away,MIL,W (+19),0,0.0,0.0,,2.0,Jakob Poltl
38,38.0,2018-01-08,22,Away,BRK,W (+1),0,0.0,0.0,,3.0,Jakob Poltl
39,39.0,2018-01-09,22,Home,MIA,L (-1),0,0.0,0.0,,1.0,Jakob Poltl
40,40.0,2018-01-11,22,Home,CLE,W (+34),0,0.0,0.0,,2.0,Jakob Poltl
41,41.0,2018-01-13,22,Home,GSW,L (-2),0,0.0,0.0,,2.0,Jakob Poltl
42,42.0,2018-01-15,22,Away,PHI,L (-6),0,0.0,0.0,,2.0,Jakob Poltl
43,43.0,2018-01-17,22,Home,DET,W (+5),0,0.0,0.0,,2.0,Jakob Poltl
44,44.0,2018-01-19,22,Home,SAS,W (+3),0,0.0,0.0,,2.0,Jakob Poltl
45,45.0,2018-01-20,22,Away,MIN,L (-6),0,0.0,0.0,,1.0,Jakob Poltl
46,46.0,2018-01-24,22,Away,ATL,W (+15),0,0.0,0.0,,4.0,Jakob Poltl
47,47.0,2018-01-26,22,Home,UTA,L (-4),0,0.0,0.0,,2.0,Jakob Poltl
48,48.0,2018-01-28,22,Home,LAL,W (+12),0,0.0,0.0,,2.0,Jakob Poltl
49,49.0,2018-01-30,22,Home,MIN,W (+5),0,0.0,0.0,,2.0,Jakob Poltl
50,50.0,2018-02-01,22,Away,WAS,L (-3),0,0.0,0.0,,2.0,Jakob Poltl
51,51.0,2018-02-02,22,Home,POR,W (+25),0,0.0,0.0,,1.0,Jakob Poltl
52,52.0,2018-02-04,22,Home,MEM,W (+15),0,0.0,0.0,,2.0,Jakob Poltl
53,53.0,2018-02-06,22,Home,BOS,W (+20),0,0.0,0.0,,2.0,Jakob Poltl
54,54.0,2018-02-08,22,Home,NYK,W (+25),0,0.0,0.0,,2.0,Jakob Poltl
55,55.0,2018-02-11,22,Away,CHO,W (+20),0,0.0,0.0,,3.0,Jakob Poltl
56,56.0,2018-02-13,22,Home,MIA,W (+3),0,0.0,0.0,,2.0,Jakob Poltl
57,57.0,2018-02-14,22,Away,CHI,W (+24),0,0.0,0.0,,1.0,Jakob Poltl
58,58.0,2018-02-23,22,Home,MIL,L (-3),0,0.0,0.0,,9.0,Jakob Poltl
59,59.0,2018-02-26,22,Home,DET,W (+29),0,0.0,0.0,,3.0,Jakob Poltl
60,60.0,2018-02-28,22,Away,ORL,W (+13),0,0.0,0.0,,2.0,Jakob Poltl
61,61.0,2018-03-02,22,Away,WAS,W (+7),0,0.0,0.0,,2.0,Jakob Poltl
62,62.0,2018-03-04,22,Home,CHO,W (+5),0,0.0,0.0,,2.0,Jakob Poltl
63,63.0,2018-03-06,22,Home,ATL,W (+16),0,0.0,0.0,,2.0,Jakob Poltl
64,64.0,2018-03-07,22,Away,DET,W (+2),0,0.0,0.0,,1.0,Jakob Poltl
65,65.0,2018-03-09,22,Home,HOU,W (+3),0,0.0,0.0,,2.0,Jakob Poltl
66,66.0,2018-03-11,22,Away,NYK,W (+26),0,0.0,0.0,,2.0,Jakob Poltl
67,67.0,2018-03-13,22,Away,BRK,W (+14),0,0.0,0.0,,2.0,Jakob Poltl
68,68.0,2018-03-15,22,Away,IND,W (+7),0,0.0,0.0,,2.0,Jakob Poltl
69,69.0,2018-03-16,22,Home,DAL,W (+7),0,0.0,0.0,,1.0,Jakob Poltl
70,70.0,2018-03-18,22,Home,OKC,L (-7),0,0.0,0.0,,2.0,Jakob Poltl
71,71.0,2018-03-20,22,Away,ORL,W (+7),0,0.0,0.0,,2.0,Jakob Poltl
72,72.0,2018-03-21,22,Away,CLE,L (-3),0,0.0,0.0,,1.0,Jakob Poltl
73,73.0,2018-03-23,22,Home,BRK,W (+4),0,0.0,0.0,,2.0,Jakob Poltl
74,74.0,2018-03-25,22,Home,LAC,L (-11),0,0.0,0.0,,2.0,Jakob Poltl
75,75.0,2018-03-27,22,Home,DEN,W (+4),0,0.0,0.0,,2.0,Jakob Poltl
76,76.0,2018-03-31,22,Away,BOS,L (-11),0,0.0,0.0,,4.0,Jakob Poltl
77,77.0,2018-04-03,22,Away,CLE,L (-6),0,0.0,0.0,,3.0,Jakob Poltl
78,78.0,2018-04-04,22,Home,BOS,W (+18),0,0.0,0.0,,1.0,Jakob Poltl
79,79.0,2018-04-06,22,Home,IND,W (+19),0,0.0,0.0,,2.0,Jakob Poltl
80,80.0,2018-04-08,22,Home,ORL,W (+11),0,0.0,0.0,,2.0,Jakob Poltl
81,81.0,2018-04-09,22,Away,DET,W (+10),0,0.0,0.0,,1.0,Jakob Poltl
82,82.0,2018-04-11,22,Away,MIA,L (-7),0,0.0,0.0,,2.0,Jakob Poltl
1,1.0,2018-04-14,22,Home,WAS,W (+8),0,0.0,0.0,,3.0,Jakob Poltl
2,2.0,2018-04-17,22,Home,WAS,W (+11),0,0.0,0.0,,3.0,Jakob Poltl
3,3.0,2018-04-20,22,Away,WAS,L (-19),0,0.0,0.0,,3.0,Jakob Poltl
4,4.0,2018-04-22,22,Away,WAS,L (-8),0,0.0,0.0,,2.0,Jakob Poltl
5,5.0,2018-04-25,22,Home,WAS,W (+10),0,0.0,0.0,,3.0,Jakob Poltl
6,6.0,2018-04-27,22,Away,WAS,W (+10),0,0.0,1.0,0.0,2.0,Jakob Poltl
7,7.0,2018-05-01,22,Home,CLE,L (-1),0,0.0,0.0,,4.0,Jakob Poltl
8,8.0,2018-05-03,22,Home,CLE,L (-18),0,0.0,0.0,,2.0,Jakob Poltl
9,,2018-05-05,22,Away,CLE,L (-2),Did Not Play,,,,2.0,Jakob Poltl
10,9.0,2018-05-07,22,Away,CLE,L (-35),0,0.0,0.0,,2.0,Jakob Poltl
1,1.0,2017-10-19,23,Home,CHI,W (+17),0,0.0,2.0,0.0,N/A,Fred Vanvleet
2,2.0,2017-10-21,23,Home,PHI,W (+34),0,1.0,4.0,0.25,2.0,Fred Vanvleet
3,3.0,2017-10-23,23,Away,SAS,L (-4),0,1.0,2.0,0.5,2.0,Fred Vanvleet
4,4.0,2017-10-25,23,Away,GSW,L (-5),0,0.0,0.0,,2.0,Fred Vanvleet
5,5.0,2017-10-27,23,Away,LAL,W (+9),0,0.0,1.0,0.0,2.0,Fred Vanvleet
6,6.0,2017-10-30,23,Away,POR,W (+14),0,0.0,0.0,,3.0,Fred Vanvleet
7,7.0,2017-11-01,23,Away,DEN,L (-18),0,1.0,3.0,0.33299999999999996,2.0,Fred Vanvleet
8,8.0,2017-11-03,23,Away,UTA,W (+9),0,0.0,1.0,0.0,2.0,Fred Vanvleet
9,9.0,2017-11-05,23,Home,WAS,L (-11),0,0.0,1.0,0.0,2.0,Fred Vanvleet
10,10.0,2017-11-07,23,Home,CHI,W (+5),0,0.0,0.0,,2.0,Fred Vanvleet
11,11.0,2017-11-09,23,Home,NOP,W (+4),0,0.0,3.0,0.0,2.0,Fred Vanvleet
12,12.0,2017-11-12,23,Away,BOS,L (-1),0,0.0,1.0,0.0,3.0,Fred Vanvleet
13,13.0,2017-11-14,23,Away,HOU,W (+16),0,2.0,4.0,0.5,2.0,Fred Vanvleet
14,14.0,2017-11-15,23,Away,NOP,W (+9),0,2.0,2.0,1.0,1.0,Fred Vanvleet
15,15.0,2017-11-17,23,Home,NYK,W (+23),0,1.0,1.0,1.0,2.0,Fred Vanvleet
16,16.0,2017-11-19,23,Home,WAS,W (+9),0,2.0,7.0,0.28600000000000003,2.0,Fred Vanvleet
17,17.0,2017-11-22,23,Away,NYK,L (-8),0,1.0,4.0,0.25,3.0,Fred Vanvleet
18,18.0,2017-11-24,23,Away,IND,L (-3),0,2.0,5.0,0.4,2.0,Fred Vanvleet
19,19.0,2017-11-25,23,Away,ATL,W (+34),0,1.0,3.0,0.33299999999999996,1.0,Fred Vanvleet
20,20.0,2017-11-29,23,Home,CHO,W (+13),0,2.0,2.0,1.0,4.0,Fred Vanvleet
21,21.0,2017-12-01,23,Home,IND,W (+5),0,1.0,1.0,1.0,2.0,Fred Vanvleet
22,22.0,2017-12-05,23,Home,PHO,W (+13),0,1.0,5.0,0.2,4.0,Fred Vanvleet
23,23.0,2017-12-08,23,Away,MEM,W (+9),0,3.0,6.0,0.5,3.0,Fred Vanvleet
24,24.0,2017-12-10,23,Away,SAC,W (+15),0,0.0,2.0,0.0,2.0,Fred Vanvleet
25,25.0,2017-12-11,23,Away,LAC,L (-5),0,0.0,3.0,0.0,1.0,Fred Vanvleet
26,26.0,2017-12-13,23,Away,PHO,W (+6),0,1.0,3.0,0.33299999999999996,2.0,Fred Vanvleet
27,27.0,2017-12-15,23,Home,BRK,W (+33),0,0.0,1.0,0.0,2.0,Fred Vanvleet
28,28.0,2017-12-17,23,Home,SAC,W (+15),0,1.0,1.0,1.0,2.0,Fred Vanvleet
29,29.0,2017-12-20,23,Away,CHO,W (+18),0,2.0,4.0,0.5,3.0,Fred Vanvleet
30,30.0,2017-12-21,23,Away,PHI,W (+5),0,0.0,2.0,0.0,1.0,Fred Vanvleet
31,31.0,2017-12-23,23,Home,PHI,W (+16),0,0.0,2.0,0.0,2.0,Fred Vanvleet
32,32.0,2017-12-26,23,Away,DAL,L (-5),0,2.0,5.0,0.4,3.0,Fred Vanvleet
33,33.0,2017-12-27,23,Away,OKC,L (-17),0,0.0,0.0,,1.0,Fred Vanvleet
34,34.0,2017-12-29,23,Home,ATL,W (+13),0,1.0,2.0,0.5,2.0,Fred Vanvleet
35,35.0,2018-01-01,23,Home,MIL,W (+4),0,2.0,3.0,0.667,3.0,Fred Vanvleet
36,36.0,2018-01-03,23,Away,CHI,W (+9),0,1.0,2.0,0.5,2.0,Fred Vanvleet
37,37.0,2018-01-05,23,Away,MIL,W (+19),0,1.0,3.0,0.33299999999999996,2.0,Fred Vanvleet
38,38.0,2018-01-08,23,Away,BRK,W (+1),0,1.0,3.0,0.33299999999999996,3.0,Fred Vanvleet
39,39.0,2018-01-09,23,Home,MIA,L (-1),0,1.0,5.0,0.2,1.0,Fred Vanvleet
40,40.0,2018-01-11,23,Home,CLE,W (+34),0,6.0,8.0,0.75,2.0,Fred Vanvleet
41,41.0,2018-01-13,23,Home,GSW,L (-2),0,3.0,6.0,0.5,2.0,Fred Vanvleet
42,42.0,2018-01-15,23,Away,PHI,L (-6),0,0.0,2.0,0.0,2.0,Fred Vanvleet
43,,2018-01-17,23,Home,DET,W (+5),Inactive,,,,2.0,Fred Vanvleet
44,,2018-01-19,23,Home,SAS,W (+3),Did Not Play,,,,2.0,Fred Vanvleet
45,43.0,2018-01-20,23,Away,MIN,L (-6),0,1.0,1.0,1.0,1.0,Fred Vanvleet
46,44.0,2018-01-24,23,Away,ATL,W (+15),0,4.0,6.0,0.667,4.0,Fred Vanvleet
47,45.0,2018-01-26,23,Home,UTA,L (-4),0,1.0,3.0,0.33299999999999996,2.0,Fred Vanvleet
48,46.0,2018-01-28,23,Home,LAL,W (+12),0,3.0,4.0,0.75,2.0,Fred Vanvleet
49,47.0,2018-01-30,23,Home,MIN,W (+5),0,1.0,3.0,0.33299999999999996,2.0,Fred Vanvleet
50,,2018-02-01,23,Away,WAS,L (-3),Inactive,,,,2.0,Fred Vanvleet
51,48.0,2018-02-02,23,Home,POR,W (+25),0,3.0,5.0,0.6,1.0,Fred Vanvleet
52,49.0,2018-02-04,23,Home,MEM,W (+15),0,1.0,6.0,0.16699999999999998,2.0,Fred Vanvleet
53,50.0,2018-02-06,23,Home,BOS,W (+20),0,2.0,3.0,0.667,2.0,Fred Vanvleet
54,51.0,2018-02-08,23,Home,NYK,W (+25),0,2.0,5.0,0.4,2.0,Fred Vanvleet
55,52.0,2018-02-11,23,Away,CHO,W (+20),0,2.0,3.0,0.667,3.0,Fred Vanvleet
56,53.0,2018-02-13,23,Home,MIA,W (+3),0,2.0,3.0,0.667,2.0,Fred Vanvleet
57,54.0,2018-02-14,23,Away,CHI,W (+24),0,3.0,6.0,0.5,1.0,Fred Vanvleet
58,55.0,2018-02-23,23,Home,MIL,L (-3),0,0.0,3.0,0.0,9.0,Fred Vanvleet
59,56.0,2018-02-26,24,Home,DET,W (+29),0,1.0,3.0,0.33299999999999996,3.0,Fred Vanvleet
60,57.0,2018-02-28,24,Away,ORL,W (+13),0,3.0,4.0,0.75,2.0,Fred Vanvleet
61,58.0,2018-03-02,24,Away,WAS,W (+7),0,1.0,6.0,0.16699999999999998,2.0,Fred Vanvleet
62,59.0,2018-03-04,24,Home,CHO,W (+5),0,1.0,4.0,0.25,2.0,Fred Vanvleet
63,60.0,2018-03-06,24,Home,ATL,W (+16),0,1.0,4.0,0.25,2.0,Fred Vanvleet
64,61.0,2018-03-07,24,Away,DET,W (+2),0,0.0,4.0,0.0,1.0,Fred Vanvleet
65,62.0,2018-03-09,24,Home,HOU,W (+3),0,1.0,4.0,0.25,2.0,Fred Vanvleet
66,63.0,2018-03-11,24,Away,NYK,W (+26),0,2.0,3.0,0.667,2.0,Fred Vanvleet
67,64.0,2018-03-13,24,Away,BRK,W (+14),0,3.0,6.0,0.5,2.0,Fred Vanvleet
68,65.0,2018-03-15,24,Away,IND,W (+7),0,0.0,1.0,0.0,2.0,Fred Vanvleet
69,66.0,2018-03-16,24,Home,DAL,W (+7),0,3.0,8.0,0.375,1.0,Fred Vanvleet
70,,2018-03-18,24,Home,OKC,L (-7),Inactive,,,,2.0,Fred Vanvleet
71,,2018-03-20,24,Away,ORL,W (+7),Inactive,,,,2.0,Fred Vanvleet
72,67.0,2018-03-21,24,Away,CLE,L (-3),0,4.0,9.0,0.444,1.0,Fred Vanvleet
73,68.0,2018-03-23,24,Home,BRK,W (+4),0,4.0,7.0,0.5710000000000001,2.0,Fred Vanvleet
74,69.0,2018-03-25,24,Home,LAC,L (-11),0,4.0,6.0,0.667,2.0,Fred Vanvleet
75,70.0,2018-03-27,24,Home,DEN,W (+4),0,3.0,4.0,0.75,2.0,Fred Vanvleet
76,71.0,2018-03-31,24,Away,BOS,L (-11),0,2.0,5.0,0.4,4.0,Fred Vanvleet
77,72.0,2018-04-03,24,Away,CLE,L (-6),0,3.0,5.0,0.6,3.0,Fred Vanvleet
78,73.0,2018-04-04,24,Home,BOS,W (+18),0,3.0,6.0,0.5,1.0,Fred Vanvleet
79,74.0,2018-04-06,24,Home,IND,W (+19),0,0.0,3.0,0.0,2.0,Fred Vanvleet
80,75.0,2018-04-08,24,Home,ORL,W (+11),0,0.0,1.0,0.0,2.0,Fred Vanvleet
81,,2018-04-09,24,Away,DET,W (+10),Inactive,,,,1.0,Fred Vanvleet
82,76.0,2018-04-11,24,Away,MIA,L (-7),0,1.0,2.0,0.5,2.0,Fred Vanvleet
1,,2018-04-14,24,Home,WAS,W (+8),Inactive,,,,3.0,Fred Vanvleet
2,1.0,2018-04-17,24,Home,WAS,W (+11),0,0.0,1.0,0.0,3.0,Fred Vanvleet
3,,2018-04-20,24,Away,WAS,L (-19),Inactive,,,,3.0,Fred Vanvleet
4,,2018-04-22,24,Away,WAS,L (-8),Inactive,,,,2.0,Fred Vanvleet
5,,2018-04-25,24,Home,WAS,W (+10),Inactive,,,,3.0,Fred Vanvleet
6,2.0,2018-04-27,24,Away,WAS,W (+10),0,1.0,5.0,0.2,2.0,Fred Vanvleet
7,3.0,2018-05-01,24,Home,CLE,L (-1),0,1.0,5.0,0.2,4.0,Fred Vanvleet
8,4.0,2018-05-03,24,Home,CLE,L (-18),0,4.0,7.0,0.5710000000000001,2.0,Fred Vanvleet
9,5.0,2018-05-05,24,Away,CLE,L (-2),1,1.0,7.0,0.14300000000000002,2.0,Fred Vanvleet
10,6.0,2018-05-07,24,Away,CLE,L (-35),0,1.0,3.0,0.33299999999999996,2.0,Fred Vanvleet
1,1.0,2017-10-19,25,Home,CHI,W (+17),0,0.0,1.0,0.0,N/A,Delon Wright
2,2.0,2017-10-21,25,Home,PHI,W (+34),0,1.0,6.0,0.16699999999999998,2.0,Delon Wright
3,3.0,2017-10-23,25,Away,SAS,L (-4),0,0.0,3.0,0.0,2.0,Delon Wright
4,4.0,2017-10-25,25,Away,GSW,L (-5),0,0.0,4.0,0.0,2.0,Delon Wright
5,5.0,2017-10-27,25,Away,LAL,W (+9),0,0.0,2.0,0.0,2.0,Delon Wright
6,6.0,2017-10-30,25,Away,POR,W (+14),0,1.0,3.0,0.33299999999999996,3.0,Delon Wright
7,7.0,2017-11-01,25,Away,DEN,L (-18),0,2.0,4.0,0.5,2.0,Delon Wright
8,8.0,2017-11-03,25,Away,UTA,W (+9),0,0.0,1.0,0.0,2.0,Delon Wright
9,9.0,2017-11-05,25,Home,WAS,L (-11),0,1.0,1.0,1.0,2.0,Delon Wright
10,10.0,2017-11-07,25,Home,CHI,W (+5),0,1.0,1.0,1.0,2.0,Delon Wright
11,11.0,2017-11-09,25,Home,NOP,W (+4),0,2.0,2.0,1.0,2.0,Delon Wright
12,12.0,2017-11-12,25,Away,BOS,L (-1),0,0.0,0.0,,3.0,Delon Wright
13,13.0,2017-11-14,25,Away,HOU,W (+16),0,0.0,0.0,,2.0,Delon Wright
14,14.0,2017-11-15,25,Away,NOP,W (+9),0,0.0,0.0,,1.0,Delon Wright
15,,2017-11-17,25,Home,NYK,W (+23),Inactive,,,,2.0,Delon Wright
16,,2017-11-19,25,Home,WAS,W (+9),Inactive,,,,2.0,Delon Wright
17,,2017-11-22,25,Away,NYK,L (-8),Inactive,,,,3.0,Delon Wright
18,,2017-11-24,25,Away,IND,L (-3),Inactive,,,,2.0,Delon Wright
19,,2017-11-25,25,Away,ATL,W (+34),Inactive,,,,1.0,Delon Wright
20,,2017-11-29,25,Home,CHO,W (+13),Inactive,,,,4.0,Delon Wright
21,,2017-12-01,25,Home,IND,W (+5),Inactive,,,,2.0,Delon Wright
22,,2017-12-05,25,Home,PHO,W (+13),Inactive,,,,4.0,Delon Wright
23,,2017-12-08,25,Away,MEM,W (+9),Inactive,,,,3.0,Delon Wright
24,,2017-12-10,25,Away,SAC,W (+15),Inactive,,,,2.0,Delon Wright
25,,2017-12-11,25,Away,LAC,L (-5),Inactive,,,,1.0,Delon Wright
26,,2017-12-13,25,Away,PHO,W (+6),Inactive,,,,2.0,Delon Wright
27,15.0,2017-12-15,25,Home,BRK,W (+33),0,0.0,2.0,0.0,2.0,Delon Wright
28,16.0,2017-12-17,25,Home,SAC,W (+15),0,1.0,2.0,0.5,2.0,Delon Wright
29,17.0,2017-12-20,25,Away,CHO,W (+18),0,0.0,2.0,0.0,3.0,Delon Wright
30,18.0,2017-12-21,25,Away,PHI,W (+5),0,2.0,4.0,0.5,1.0,Delon Wright
31,19.0,2017-12-23,25,Home,PHI,W (+16),0,1.0,2.0,0.5,2.0,Delon Wright
32,20.0,2017-12-26,25,Away,DAL,L (-5),0,1.0,2.0,0.5,3.0,Delon Wright
33,21.0,2017-12-27,25,Away,OKC,L (-17),0,0.0,1.0,0.0,1.0,Delon Wright
34,22.0,2017-12-29,25,Home,ATL,W (+13),0,1.0,1.0,1.0,2.0,Delon Wright
35,23.0,2018-01-01,25,Home,MIL,W (+4),0,0.0,2.0,0.0,3.0,Delon Wright
36,24.0,2018-01-03,25,Away,CHI,W (+9),0,4.0,5.0,0.8,2.0,Delon Wright
37,25.0,2018-01-05,25,Away,MIL,W (+19),0,0.0,1.0,0.0,2.0,Delon Wright
38,26.0,2018-01-08,25,Away,BRK,W (+1),0,1.0,2.0,0.5,3.0,Delon Wright
39,27.0,2018-01-09,25,Home,MIA,L (-1),1,1.0,2.0,0.5,1.0,Delon Wright
40,28.0,2018-01-11,25,Home,CLE,W (+34),1,0.0,3.0,0.0,2.0,Delon Wright
41,29.0,2018-01-13,25,Home,GSW,L (-2),1,0.0,0.0,,2.0,Delon Wright
42,30.0,2018-01-15,25,Away,PHI,L (-6),0,5.0,6.0,0.833,2.0,Delon Wright
43,31.0,2018-01-17,25,Home,DET,W (+5),0,0.0,1.0,0.0,2.0,Delon Wright
44,32.0,2018-01-19,25,Home,SAS,W (+3),0,1.0,1.0,1.0,2.0,Delon Wright
45,33.0,2018-01-20,25,Away,MIN,L (-6),0,0.0,2.0,0.0,1.0,Delon Wright
46,34.0,2018-01-24,25,Away,ATL,W (+15),0,0.0,1.0,0.0,4.0,Delon Wright
47,35.0,2018-01-26,25,Home,UTA,L (-4),0,1.0,2.0,0.5,2.0,Delon Wright
48,36.0,2018-01-28,25,Home,LAL,W (+12),0,1.0,2.0,0.5,2.0,Delon Wright
49,37.0,2018-01-30,25,Home,MIN,W (+5),0,0.0,1.0,0.0,2.0,Delon Wright
50,38.0,2018-02-01,25,Away,WAS,L (-3),0,0.0,1.0,0.0,2.0,Delon Wright
51,39.0,2018-02-02,25,Home,POR,W (+25),0,2.0,3.0,0.667,1.0,Delon Wright
52,40.0,2018-02-04,25,Home,MEM,W (+15),0,1.0,4.0,0.25,2.0,Delon Wright
53,41.0,2018-02-06,25,Home,BOS,W (+20),0,1.0,4.0,0.25,2.0,Delon Wright
54,42.0,2018-02-08,25,Home,NYK,W (+25),0,1.0,1.0,1.0,2.0,Delon Wright
55,43.0,2018-02-11,25,Away,CHO,W (+20),0,0.0,2.0,0.0,3.0,Delon Wright
56,44.0,2018-02-13,25,Home,MIA,W (+3),0,2.0,3.0,0.667,2.0,Delon Wright
57,45.0,2018-02-14,25,Away,CHI,W (+24),0,1.0,3.0,0.33299999999999996,1.0,Delon Wright
58,46.0,2018-02-23,25,Home,MIL,L (-3),0,0.0,2.0,0.0,9.0,Delon Wright
59,47.0,2018-02-26,25,Home,DET,W (+29),0,2.0,3.0,0.667,3.0,Delon Wright
60,48.0,2018-02-28,25,Away,ORL,W (+13),0,0.0,2.0,0.0,2.0,Delon Wright
61,49.0,2018-03-02,25,Away,WAS,W (+7),0,0.0,3.0,0.0,2.0,Delon Wright
62,50.0,2018-03-04,25,Home,CHO,W (+5),0,0.0,0.0,,2.0,Delon Wright
63,51.0,2018-03-06,25,Home,ATL,W (+16),0,0.0,2.0,0.0,2.0,Delon Wright
64,52.0,2018-03-07,25,Away,DET,W (+2),0,0.0,0.0,,1.0,Delon Wright
65,,2018-03-09,25,Home,HOU,W (+3),Inactive,,,,2.0,Delon Wright
66,53.0,2018-03-11,25,Away,NYK,W (+26),0,2.0,2.0,1.0,2.0,Delon Wright
67,54.0,2018-03-13,25,Away,BRK,W (+14),0,2.0,4.0,0.5,2.0,Delon Wright
68,55.0,2018-03-15,25,Away,IND,W (+7),0,0.0,2.0,0.0,2.0,Delon Wright
69,56.0,2018-03-16,25,Home,DAL,W (+7),1,3.0,7.0,0.429,1.0,Delon Wright
70,57.0,2018-03-18,25,Home,OKC,L (-7),0,1.0,2.0,0.5,2.0,Delon Wright
71,58.0,2018-03-20,25,Away,ORL,W (+7),0,0.0,2.0,0.0,2.0,Delon Wright
72,59.0,2018-03-21,25,Away,CLE,L (-3),0,2.0,3.0,0.667,1.0,Delon Wright
73,60.0,2018-03-23,25,Home,BRK,W (+4),0,1.0,2.0,0.5,2.0,Delon Wright
74,61.0,2018-03-25,25,Home,LAC,L (-11),0,0.0,1.0,0.0,2.0,Delon Wright
75,62.0,2018-03-27,25,Home,DEN,W (+4),0,2.0,2.0,1.0,2.0,Delon Wright
76,63.0,2018-03-31,25,Away,BOS,L (-11),0,0.0,1.0,0.0,4.0,Delon Wright
77,64.0,2018-04-03,25,Away,CLE,L (-6),0,1.0,3.0,0.33299999999999996,3.0,Delon Wright
78,65.0,2018-04-04,25,Home,BOS,W (+18),0,0.0,0.0,,1.0,Delon Wright
79,66.0,2018-04-06,25,Home,IND,W (+19),0,1.0,5.0,0.2,2.0,Delon Wright
80,67.0,2018-04-08,25,Home,ORL,W (+11),0,2.0,4.0,0.5,2.0,Delon Wright
81,68.0,2018-04-09,25,Away,DET,W (+10),0,0.0,1.0,0.0,1.0,Delon Wright
82,69.0,2018-04-11,25,Away,MIA,L (-7),0,1.0,4.0,0.25,2.0,Delon Wright
1,1.0,2018-04-14,25,Home,WAS,W (+8),0,3.0,4.0,0.75,3.0,Delon Wright
2,2.0,2018-04-17,25,Home,WAS,W (+11),0,1.0,4.0,0.25,3.0,Delon Wright
3,3.0,2018-04-20,25,Away,WAS,L (-19),0,0.0,2.0,0.0,3.0,Delon Wright
4,4.0,2018-04-22,25,Away,WAS,L (-8),0,1.0,3.0,0.33299999999999996,2.0,Delon Wright
5,5.0,2018-04-25,25,Home,WAS,W (+10),0,2.0,2.0,1.0,3.0,Delon Wright
6,6.0,2018-04-27,26,Away,WAS,W (+10),0,0.0,0.0,,2.0,Delon Wright
7,7.0,2018-05-01,26,Home,CLE,L (-1),0,1.0,2.0,0.5,4.0,Delon Wright
8,8.0,2018-05-03,26,Home,CLE,L (-18),0,1.0,2.0,0.5,2.0,Delon Wright
9,9.0,2018-05-05,26,Away,CLE,L (-2),0,0.0,1.0,0.0,2.0,Delon Wright
10,10.0,2018-05-07,26,Away,CLE,L (-35),0,0.0,1.0,0.0,2.0,Delon Wright
1,1.0,2017-10-19,30,Home,CHI,W (+17),0,6.0,9.0,0.667,N/A,CJ Miles
2,2.0,2017-10-21,30,Home,PHI,W (+34),0,1.0,6.0,0.16699999999999998,2.0,CJ Miles
3,3.0,2017-10-23,30,Away,SAS,L (-4),0,3.0,7.0,0.429,2.0,CJ Miles
4,4.0,2017-10-25,30,Away,GSW,L (-5),0,2.0,8.0,0.25,2.0,CJ Miles
5,5.0,2017-10-27,30,Away,LAL,W (+9),0,2.0,7.0,0.28600000000000003,2.0,CJ Miles
6,6.0,2017-10-30,30,Away,POR,W (+14),0,1.0,3.0,0.33299999999999996,3.0,CJ Miles
7,7.0,2017-11-01,30,Away,DEN,L (-18),0,1.0,1.0,1.0,2.0,CJ Miles
8,,2017-11-03,30,Away,UTA,W (+9),Inactive,,,,2.0,CJ Miles
9,8.0,2017-11-05,30,Home,WAS,L (-11),0,0.0,3.0,0.0,2.0,CJ Miles
10,9.0,2017-11-07,30,Home,CHI,W (+5),0,3.0,6.0,0.5,2.0,CJ Miles
11,10.0,2017-11-09,30,Home,NOP,W (+4),0,2.0,8.0,0.25,2.0,CJ Miles
12,11.0,2017-11-12,30,Away,BOS,L (-1),0,2.0,5.0,0.4,3.0,CJ Miles
13,12.0,2017-11-14,30,Away,HOU,W (+16),0,6.0,9.0,0.667,2.0,CJ Miles
14,13.0,2017-11-15,30,Away,NOP,W (+9),0,5.0,9.0,0.556,1.0,CJ Miles
15,14.0,2017-11-17,30,Home,NYK,W (+23),0,2.0,4.0,0.5,2.0,CJ Miles
16,15.0,2017-11-19,30,Home,WAS,W (+9),0,3.0,9.0,0.33299999999999996,2.0,CJ Miles
17,16.0,2017-11-22,30,Away,NYK,L (-8),0,3.0,8.0,0.375,3.0,CJ Miles
18,,2017-11-24,30,Away,IND,L (-3),Inactive,,,,2.0,CJ Miles
19,,2017-11-25,30,Away,ATL,W (+34),Inactive,,,,1.0,CJ Miles
20,17.0,2017-11-29,30,Home,CHO,W (+13),0,1.0,6.0,0.16699999999999998,4.0,CJ Miles
21,18.0,2017-12-01,30,Home,IND,W (+5),0,2.0,7.0,0.28600000000000003,2.0,CJ Miles
22,19.0,2017-12-05,30,Home,PHO,W (+13),0,3.0,7.0,0.429,4.0,CJ Miles
23,20.0,2017-12-08,30,Away,MEM,W (+9),0,0.0,4.0,0.0,3.0,CJ Miles
24,21.0,2017-12-10,30,Away,SAC,W (+15),0,1.0,8.0,0.125,2.0,CJ Miles
25,22.0,2017-12-11,30,Away,LAC,L (-5),0,3.0,4.0,0.75,1.0,CJ Miles
26,23.0,2017-12-13,30,Away,PHO,W (+6),0,1.0,3.0,0.33299999999999996,2.0,CJ Miles
27,,2017-12-15,30,Home,BRK,W (+33),Did Not Play,,,,2.0,CJ Miles
28,24.0,2017-12-17,30,Home,SAC,W (+15),1,2.0,7.0,0.28600000000000003,2.0,CJ Miles
29,,2017-12-20,30,Away,CHO,W (+18),Inactive,,,,3.0,CJ Miles
30,,2017-12-21,30,Away,PHI,W (+5),Inactive,,,,1.0,CJ Miles
31,,2017-12-23,30,Home,PHI,W (+16),Inactive,,,,2.0,CJ Miles
32,25.0,2017-12-26,30,Away,DAL,L (-5),0,1.0,3.0,0.33299999999999996,3.0,CJ Miles
33,26.0,2017-12-27,30,Away,OKC,L (-17),0,6.0,12.0,0.5,1.0,CJ Miles
34,27.0,2017-12-29,30,Home,ATL,W (+13),1,3.0,6.0,0.5,2.0,CJ Miles
35,28.0,2018-01-01,30,Home,MIL,W (+4),0,2.0,4.0,0.5,3.0,CJ Miles
36,29.0,2018-01-03,30,Away,CHI,W (+9),0,2.0,7.0,0.28600000000000003,2.0,CJ Miles
37,30.0,2018-01-05,30,Away,MIL,W (+19),0,2.0,6.0,0.33299999999999996,2.0,CJ Miles
38,31.0,2018-01-08,30,Away,BRK,W (+1),0,1.0,6.0,0.16699999999999998,3.0,CJ Miles
39,32.0,2018-01-09,30,Home,MIA,L (-1),0,3.0,5.0,0.6,1.0,CJ Miles
40,33.0,2018-01-11,30,Home,CLE,W (+34),1,4.0,7.0,0.5710000000000001,2.0,CJ Miles
41,34.0,2018-01-13,30,Home,GSW,L (-2),0,2.0,7.0,0.28600000000000003,2.0,CJ Miles
42,35.0,2018-01-15,30,Away,PHI,L (-6),0,2.0,9.0,0.222,2.0,CJ Miles
43,36.0,2018-01-17,30,Home,DET,W (+5),0,5.0,12.0,0.41700000000000004,2.0,CJ Miles
44,37.0,2018-01-19,30,Home,SAS,W (+3),0,1.0,4.0,0.25,2.0,CJ Miles
45,38.0,2018-01-20,30,Away,MIN,L (-6),0,1.0,6.0,0.16699999999999998,1.0,CJ Miles
46,39.0,2018-01-24,30,Away,ATL,W (+15),0,2.0,4.0,0.5,4.0,CJ Miles
47,40.0,2018-01-26,30,Home,UTA,L (-4),0,2.0,6.0,0.33299999999999996,2.0,CJ Miles
48,41.0,2018-01-28,30,Home,LAL,W (+12),0,3.0,9.0,0.33299999999999996,2.0,CJ Miles
49,,2018-01-30,30,Home,MIN,W (+5),Inactive,,,,2.0,CJ Miles
50,,2018-02-01,30,Away,WAS,L (-3),Inactive,,,,2.0,CJ Miles
51,,2018-02-02,30,Home,POR,W (+25),Inactive,,,,1.0,CJ Miles
52,42.0,2018-02-04,30,Home,MEM,W (+15),0,1.0,2.0,0.5,2.0,CJ Miles
53,43.0,2018-02-06,30,Home,BOS,W (+20),0,5.0,7.0,0.7140000000000001,2.0,CJ Miles
54,44.0,2018-02-08,30,Home,NYK,W (+25),0,3.0,5.0,0.6,2.0,CJ Miles
55,45.0,2018-02-11,30,Away,CHO,W (+20),0,6.0,9.0,0.667,3.0,CJ Miles
56,46.0,2018-02-13,30,Home,MIA,W (+3),0,2.0,10.0,0.2,2.0,CJ Miles
57,47.0,2018-02-14,30,Away,CHI,W (+24),0,1.0,2.0,0.5,1.0,CJ Miles
58,48.0,2018-02-23,30,Home,MIL,L (-3),0,2.0,7.0,0.28600000000000003,9.0,CJ Miles
59,49.0,2018-02-26,30,Home,DET,W (+29),0,2.0,6.0,0.33299999999999996,3.0,CJ Miles
60,50.0,2018-02-28,30,Away,ORL,W (+13),0,2.0,7.0,0.28600000000000003,2.0,CJ Miles
61,51.0,2018-03-02,30,Away,WAS,W (+7),0,6.0,9.0,0.667,2.0,CJ Miles
62,52.0,2018-03-04,30,Home,CHO,W (+5),0,2.0,9.0,0.222,2.0,CJ Miles
63,53.0,2018-03-06,30,Home,ATL,W (+16),0,4.0,9.0,0.444,2.0,CJ Miles
64,54.0,2018-03-07,30,Away,DET,W (+2),0,2.0,7.0,0.28600000000000003,1.0,CJ Miles
65,55.0,2018-03-09,30,Home,HOU,W (+3),0,2.0,7.0,0.28600000000000003,2.0,CJ Miles
66,56.0,2018-03-11,30,Away,NYK,W (+26),0,3.0,6.0,0.5,2.0,CJ Miles
67,57.0,2018-03-13,30,Away,BRK,W (+14),0,3.0,6.0,0.5,2.0,CJ Miles
68,58.0,2018-03-15,30,Away,IND,W (+7),0,3.0,7.0,0.429,2.0,CJ Miles
69,59.0,2018-03-16,30,Home,DAL,W (+7),0,0.0,3.0,0.0,1.0,CJ Miles
70,60.0,2018-03-18,31,Home,OKC,L (-7),0,3.0,9.0,0.33299999999999996,2.0,CJ Miles
71,61.0,2018-03-20,31,Away,ORL,W (+7),0,1.0,7.0,0.14300000000000002,2.0,CJ Miles
72,,2018-03-21,31,Away,CLE,L (-3),Inactive,,,,1.0,CJ Miles
73,,2018-03-23,31,Home,BRK,W (+4),Inactive,,,,2.0,CJ Miles
74,62.0,2018-03-25,31,Home,LAC,L (-11),0,3.0,10.0,0.3,2.0,CJ Miles
75,63.0,2018-03-27,31,Home,DEN,W (+4),0,1.0,7.0,0.14300000000000002,2.0,CJ Miles
76,64.0,2018-03-31,31,Away,BOS,L (-11),0,0.0,5.0,0.0,4.0,CJ Miles
77,65.0,2018-04-03,31,Away,CLE,L (-6),0,2.0,5.0,0.4,3.0,CJ Miles
78,66.0,2018-04-04,31,Home,BOS,W (+18),0,1.0,5.0,0.2,1.0,CJ Miles
79,67.0,2018-04-06,31,Home,IND,W (+19),0,0.0,3.0,0.0,2.0,CJ Miles
80,68.0,2018-04-08,31,Home,ORL,W (+11),0,5.0,10.0,0.5,2.0,CJ Miles
81,69.0,2018-04-09,31,Away,DET,W (+10),0,1.0,7.0,0.14300000000000002,1.0,CJ Miles
82,70.0,2018-04-11,31,Away,MIA,L (-7),0,1.0,7.0,0.14300000000000002,2.0,CJ Miles
1,1.0,2018-04-14,31,Home,WAS,W (+8),0,4.0,7.0,0.5710000000000001,3.0,CJ Miles
2,2.0,2018-04-17,31,Home,WAS,W (+11),0,4.0,6.0,0.667,3.0,CJ Miles
3,3.0,2018-04-20,31,Away,WAS,L (-19),0,1.0,5.0,0.2,3.0,CJ Miles
4,4.0,2018-04-22,31,Away,WAS,L (-8),0,0.0,3.0,0.0,2.0,CJ Miles
5,5.0,2018-04-25,31,Home,WAS,W (+10),0,2.0,7.0,0.28600000000000003,3.0,CJ Miles
6,6.0,2018-04-27,31,Away,WAS,W (+10),0,1.0,3.0,0.33299999999999996,2.0,CJ Miles
7,7.0,2018-05-01,31,Home,CLE,L (-1),0,2.0,3.0,0.667,4.0,CJ Miles
8,8.0,2018-05-03,31,Home,CLE,L (-18),0,2.0,2.0,1.0,2.0,CJ Miles
9,9.0,2018-05-05,31,Away,CLE,L (-2),0,3.0,7.0,0.429,2.0,CJ Miles
10,10.0,2018-05-07,31,Away,CLE,L (-35),1,0.0,2.0,0.0,2.0,CJ Miles
1,1.0,2017-10-19,24,Home,CHI,W (+17),1,3.0,6.0,0.5,N/A,Norman Powell
2,2.0,2017-10-21,24,Home,PHI,W (+34),1,0.0,1.0,0.0,2.0,Norman Powell
3,3.0,2017-10-23,24,Away,SAS,L (-4),1,0.0,3.0,0.0,2.0,Norman Powell
4,4.0,2017-10-25,24,Away,GSW,L (-5),1,0.0,1.0,0.0,2.0,Norman Powell
5,5.0,2017-10-27,24,Away,LAL,W (+9),1,0.0,3.0,0.0,2.0,Norman Powell
6,6.0,2017-10-30,24,Away,POR,W (+14),1,2.0,4.0,0.5,3.0,Norman Powell
7,7.0,2017-11-01,24,Away,DEN,L (-18),1,1.0,5.0,0.2,2.0,Norman Powell
8,8.0,2017-11-03,24,Away,UTA,W (+9),1,2.0,4.0,0.5,2.0,Norman Powell
9,9.0,2017-11-05,24,Home,WAS,L (-11),1,1.0,4.0,0.25,2.0,Norman Powell
10,10.0,2017-11-07,24,Home,CHI,W (+5),1,1.0,3.0,0.33299999999999996,2.0,Norman Powell
11,11.0,2017-11-09,24,Home,NOP,W (+4),1,2.0,5.0,0.4,2.0,Norman Powell
12,12.0,2017-11-12,24,Away,BOS,L (-1),1,0.0,0.0,,3.0,Norman Powell
13,,2017-11-14,24,Away,HOU,W (+16),Inactive,,,,2.0,Norman Powell
14,,2017-11-15,24,Away,NOP,W (+9),Inactive,,,,1.0,Norman Powell
15,,2017-11-17,24,Home,NYK,W (+23),Inactive,,,,2.0,Norman Powell
16,,2017-11-19,24,Home,WAS,W (+9),Inactive,,,,2.0,Norman Powell
17,13.0,2017-11-22,24,Away,NYK,L (-8),0,3.0,4.0,0.75,3.0,Norman Powell
18,14.0,2017-11-24,24,Away,IND,L (-3),0,1.0,5.0,0.2,2.0,Norman Powell
19,15.0,2017-11-25,24,Away,ATL,W (+34),0,3.0,6.0,0.5,1.0,Norman Powell
20,16.0,2017-11-29,24,Home,CHO,W (+13),0,2.0,5.0,0.4,4.0,Norman Powell
21,17.0,2017-12-01,24,Home,IND,W (+5),0,1.0,5.0,0.2,2.0,Norman Powell
22,18.0,2017-12-05,24,Home,PHO,W (+13),0,0.0,2.0,0.0,4.0,Norman Powell
23,19.0,2017-12-08,24,Away,MEM,W (+9),0,0.0,1.0,0.0,3.0,Norman Powell
24,20.0,2017-12-10,24,Away,SAC,W (+15),0,0.0,1.0,0.0,2.0,Norman Powell
25,21.0,2017-12-11,24,Away,LAC,L (-5),0,0.0,3.0,0.0,1.0,Norman Powell
26,22.0,2017-12-13,24,Away,PHO,W (+6),0,0.0,2.0,0.0,2.0,Norman Powell
27,23.0,2017-12-15,24,Home,BRK,W (+33),0,1.0,1.0,1.0,2.0,Norman Powell
28,24.0,2017-12-17,24,Home,SAC,W (+15),0,2.0,2.0,1.0,2.0,Norman Powell
29,25.0,2017-12-20,24,Away,CHO,W (+18),0,0.0,4.0,0.0,3.0,Norman Powell
30,26.0,2017-12-21,24,Away,PHI,W (+5),0,0.0,1.0,0.0,1.0,Norman Powell
31,27.0,2017-12-23,24,Home,PHI,W (+16),0,2.0,4.0,0.5,2.0,Norman Powell
32,28.0,2017-12-26,24,Away,DAL,L (-5),0,1.0,4.0,0.25,3.0,Norman Powell
33,29.0,2017-12-27,24,Away,OKC,L (-17),0,0.0,4.0,0.0,1.0,Norman Powell
34,30.0,2017-12-29,24,Home,ATL,W (+13),0,1.0,5.0,0.2,2.0,Norman Powell
35,,2018-01-01,24,Home,MIL,W (+4),Did Not Play,,,,3.0,Norman Powell
36,31.0,2018-01-03,24,Away,CHI,W (+9),0,0.0,1.0,0.0,2.0,Norman Powell
37,32.0,2018-01-05,24,Away,MIL,W (+19),0,0.0,1.0,0.0,2.0,Norman Powell
38,33.0,2018-01-08,24,Away,BRK,W (+1),0,0.0,0.0,,3.0,Norman Powell
39,34.0,2018-01-09,24,Home,MIA,L (-1),0,0.0,3.0,0.0,1.0,Norman Powell
40,35.0,2018-01-11,24,Home,CLE,W (+34),0,2.0,5.0,0.4,2.0,Norman Powell
41,36.0,2018-01-13,24,Home,GSW,L (-2),0,0.0,0.0,,2.0,Norman Powell
42,37.0,2018-01-15,24,Away,PHI,L (-6),0,0.0,0.0,,2.0,Norman Powell
43,38.0,2018-01-17,24,Home,DET,W (+5),0,1.0,3.0,0.33299999999999996,2.0,Norman Powell
44,39.0,2018-01-19,24,Home,SAS,W (+3),0,0.0,0.0,,2.0,Norman Powell
45,,2018-01-20,24,Away,MIN,L (-6),Did Not Play,,,,1.0,Norman Powell
46,40.0,2018-01-24,24,Away,ATL,W (+15),0,0.0,1.0,0.0,4.0,Norman Powell
47,,2018-01-26,24,Home,UTA,L (-4),Did Not Play,,,,2.0,Norman Powell
48,,2018-01-28,24,Home,LAL,W (+12),Did Not Play,,,,2.0,Norman Powell
49,41.0,2018-01-30,24,Home,MIN,W (+5),0,2.0,5.0,0.4,2.0,Norman Powell
50,42.0,2018-02-01,24,Away,WAS,L (-3),0,2.0,3.0,0.667,2.0,Norman Powell
51,43.0,2018-02-02,24,Home,POR,W (+25),0,1.0,1.0,1.0,1.0,Norman Powell
52,44.0,2018-02-04,24,Home,MEM,W (+15),0,0.0,2.0,0.0,2.0,Norman Powell
53,45.0,2018-02-06,24,Home,BOS,W (+20),0,1.0,1.0,1.0,2.0,Norman Powell
54,46.0,2018-02-08,24,Home,NYK,W (+25),0,0.0,2.0,0.0,2.0,Norman Powell
55,47.0,2018-02-11,24,Away,CHO,W (+20),0,0.0,1.0,0.0,3.0,Norman Powell
56,48.0,2018-02-13,24,Home,MIA,W (+3),0,0.0,0.0,,2.0,Norman Powell
57,49.0,2018-02-14,24,Away,CHI,W (+24),0,0.0,5.0,0.0,1.0,Norman Powell
58,,2018-02-23,24,Home,MIL,L (-3),Did Not Play,,,,9.0,Norman Powell
59,50.0,2018-02-26,24,Home,DET,W (+29),0,1.0,2.0,0.5,3.0,Norman Powell
60,51.0,2018-02-28,24,Away,ORL,W (+13),0,0.0,0.0,,2.0,Norman Powell
61,52.0,2018-03-02,24,Away,WAS,W (+7),1,0.0,1.0,0.0,2.0,Norman Powell
62,53.0,2018-03-04,24,Home,CHO,W (+5),0,0.0,2.0,0.0,2.0,Norman Powell
63,54.0,2018-03-06,24,Home,ATL,W (+16),0,1.0,2.0,0.5,2.0,Norman Powell
64,55.0,2018-03-07,24,Away,DET,W (+2),1,3.0,5.0,0.6,1.0,Norman Powell
65,56.0,2018-03-09,24,Home,HOU,W (+3),1,0.0,5.0,0.0,2.0,Norman Powell
66,57.0,2018-03-11,24,Away,NYK,W (+26),1,1.0,4.0,0.25,2.0,Norman Powell
67,58.0,2018-03-13,24,Away,BRK,W (+14),1,1.0,2.0,0.5,2.0,Norman Powell
68,,2018-03-15,24,Away,IND,W (+7),Inactive,,,,2.0,Norman Powell
69,,2018-03-16,24,Home,DAL,W (+7),Inactive,,,,1.0,Norman Powell
70,59.0,2018-03-18,24,Home,OKC,L (-7),0,1.0,2.0,0.5,2.0,Norman Powell
71,60.0,2018-03-20,24,Away,ORL,W (+7),0,2.0,4.0,0.5,2.0,Norman Powell
72,61.0,2018-03-21,24,Away,CLE,L (-3),0,0.0,1.0,0.0,1.0,Norman Powell
73,62.0,2018-03-23,24,Home,BRK,W (+4),0,0.0,1.0,0.0,2.0,Norman Powell
74,,2018-03-25,24,Home,LAC,L (-11),Did Not Play,,,,2.0,Norman Powell
75,63.0,2018-03-27,24,Home,DEN,W (+4),0,1.0,2.0,0.5,2.0,Norman Powell
76,64.0,2018-03-31,24,Away,BOS,L (-11),0,0.0,2.0,0.0,4.0,Norman Powell
77,65.0,2018-04-03,24,Away,CLE,L (-6),0,1.0,2.0,0.5,3.0,Norman Powell
78,66.0,2018-04-04,24,Home,BOS,W (+18),0,0.0,4.0,0.0,1.0,Norman Powell
79,67.0,2018-04-06,24,Home,IND,W (+19),0,0.0,0.0,,2.0,Norman Powell
80,68.0,2018-04-08,24,Home,ORL,W (+11),1,3.0,7.0,0.429,2.0,Norman Powell
81,69.0,2018-04-09,24,Away,DET,W (+10),0,0.0,6.0,0.0,1.0,Norman Powell
82,70.0,2018-04-11,24,Away,MIA,L (-7),0,0.0,0.0,,2.0,Norman Powell
1,1.0,2018-04-14,24,Home,WAS,W (+8),0,0.0,0.0,,3.0,Norman Powell
2,2.0,2018-04-17,24,Home,WAS,W (+11),0,0.0,1.0,0.0,3.0,Norman Powell
3,3.0,2018-04-20,24,Away,WAS,L (-19),0,1.0,3.0,0.33299999999999996,3.0,Norman Powell
4,,2018-04-22,24,Away,WAS,L (-8),Did Not Play,,,,2.0,Norman Powell
5,4.0,2018-04-25,24,Home,WAS,W (+10),0,0.0,1.0,0.0,3.0,Norman Powell
6,,2018-04-27,24,Away,WAS,W (+10),Did Not Play,,,,2.0,Norman Powell
7,,2018-05-01,24,Home,CLE,L (-1),Did Not Play,,,,4.0,Norman Powell
8,5.0,2018-05-03,24,Home,CLE,L (-18),0,0.0,1.0,0.0,2.0,Norman Powell
9,,2018-05-05,24,Away,CLE,L (-2),Did Not Play,,,,2.0,Norman Powell
10,6.0,2018-05-07,24,Away,CLE,L (-35),0,0.0,1.0,0.0,2.0,Norman Powell
1,1.0,2017-10-19,24,Home,CHI,W (+17),1,3.0,6.0,0.5,N/A,Lucas Nogiera
2,2.0,2017-10-21,24,Home,PHI,W (+34),1,0.0,1.0,0.0,2.0,Lucas Nogiera
3,3.0,2017-10-23,24,Away,SAS,L (-4),1,0.0,3.0,0.0,2.0,Lucas Nogiera
4,4.0,2017-10-25,24,Away,GSW,L (-5),1,0.0,1.0,0.0,2.0,Lucas Nogiera
5,5.0,2017-10-27,24,Away,LAL,W (+9),1,0.0,3.0,0.0,2.0,Lucas Nogiera
6,6.0,2017-10-30,24,Away,POR,W (+14),1,2.0,4.0,0.5,3.0,Lucas Nogiera
7,7.0,2017-11-01,24,Away,DEN,L (-18),1,1.0,5.0,0.2,2.0,Lucas Nogiera
8,8.0,2017-11-03,24,Away,UTA,W (+9),1,2.0,4.0,0.5,2.0,Lucas Nogiera
9,9.0,2017-11-05,24,Home,WAS,L (-11),1,1.0,4.0,0.25,2.0,Lucas Nogiera
10,10.0,2017-11-07,24,Home,CHI,W (+5),1,1.0,3.0,0.33299999999999996,2.0,Lucas Nogiera
11,11.0,2017-11-09,24,Home,NOP,W (+4),1,2.0,5.0,0.4,2.0,Lucas Nogiera
12,12.0,2017-11-12,24,Away,BOS,L (-1),1,0.0,0.0,,3.0,Lucas Nogiera
13,,2017-11-14,24,Away,HOU,W (+16),Inactive,,,,2.0,Lucas Nogiera
14,,2017-11-15,24,Away,NOP,W (+9),Inactive,,,,1.0,Lucas Nogiera
15,,2017-11-17,24,Home,NYK,W (+23),Inactive,,,,2.0,Lucas Nogiera
16,,2017-11-19,24,Home,WAS,W (+9),Inactive,,,,2.0,Lucas Nogiera
17,13.0,2017-11-22,24,Away,NYK,L (-8),0,3.0,4.0,0.75,3.0,Lucas Nogiera
18,14.0,2017-11-24,24,Away,IND,L (-3),0,1.0,5.0,0.2,2.0,Lucas Nogiera
19,15.0,2017-11-25,24,Away,ATL,W (+34),0,3.0,6.0,0.5,1.0,Lucas Nogiera
20,16.0,2017-11-29,24,Home,CHO,W (+13),0,2.0,5.0,0.4,4.0,Lucas Nogiera
21,17.0,2017-12-01,24,Home,IND,W (+5),0,1.0,5.0,0.2,2.0,Lucas Nogiera
22,18.0,2017-12-05,24,Home,PHO,W (+13),0,0.0,2.0,0.0,4.0,Lucas Nogiera
23,19.0,2017-12-08,24,Away,MEM,W (+9),0,0.0,1.0,0.0,3.0,Lucas Nogiera
24,20.0,2017-12-10,24,Away,SAC,W (+15),0,0.0,1.0,0.0,2.0,Lucas Nogiera
25,21.0,2017-12-11,24,Away,LAC,L (-5),0,0.0,3.0,0.0,1.0,Lucas Nogiera
26,22.0,2017-12-13,24,Away,PHO,W (+6),0,0.0,2.0,0.0,2.0,Lucas Nogiera
27,23.0,2017-12-15,24,Home,BRK,W (+33),0,1.0,1.0,1.0,2.0,Lucas Nogiera
28,24.0,2017-12-17,24,Home,SAC,W (+15),0,2.0,2.0,1.0,2.0,Lucas Nogiera
29,25.0,2017-12-20,24,Away,CHO,W (+18),0,0.0,4.0,0.0,3.0,Lucas Nogiera
30,26.0,2017-12-21,24,Away,PHI,W (+5),0,0.0,1.0,0.0,1.0,Lucas Nogiera
31,27.0,2017-12-23,24,Home,PHI,W (+16),0,2.0,4.0,0.5,2.0,Lucas Nogiera
32,28.0,2017-12-26,24,Away,DAL,L (-5),0,1.0,4.0,0.25,3.0,Lucas Nogiera
33,29.0,2017-12-27,24,Away,OKC,L (-17),0,0.0,4.0,0.0,1.0,Lucas Nogiera
34,30.0,2017-12-29,24,Home,ATL,W (+13),0,1.0,5.0,0.2,2.0,Lucas Nogiera
35,,2018-01-01,24,Home,MIL,W (+4),Did Not Play,,,,3.0,Lucas Nogiera
36,31.0,2018-01-03,24,Away,CHI,W (+9),0,0.0,1.0,0.0,2.0,Lucas Nogiera
37,32.0,2018-01-05,24,Away,MIL,W (+19),0,0.0,1.0,0.0,2.0,Lucas Nogiera
38,33.0,2018-01-08,24,Away,BRK,W (+1),0,0.0,0.0,,3.0,Lucas Nogiera
39,34.0,2018-01-09,24,Home,MIA,L (-1),0,0.0,3.0,0.0,1.0,Lucas Nogiera
40,35.0,2018-01-11,24,Home,CLE,W (+34),0,2.0,5.0,0.4,2.0,Lucas Nogiera
41,36.0,2018-01-13,24,Home,GSW,L (-2),0,0.0,0.0,,2.0,Lucas Nogiera
42,37.0,2018-01-15,24,Away,PHI,L (-6),0,0.0,0.0,,2.0,Lucas Nogiera
43,38.0,2018-01-17,24,Home,DET,W (+5),0,1.0,3.0,0.33299999999999996,2.0,Lucas Nogiera
44,39.0,2018-01-19,24,Home,SAS,W (+3),0,0.0,0.0,,2.0,Lucas Nogiera
45,,2018-01-20,24,Away,MIN,L (-6),Did Not Play,,,,1.0,Lucas Nogiera
46,40.0,2018-01-24,24,Away,ATL,W (+15),0,0.0,1.0,0.0,4.0,Lucas Nogiera
47,,2018-01-26,24,Home,UTA,L (-4),Did Not Play,,,,2.0,Lucas Nogiera
48,,2018-01-28,24,Home,LAL,W (+12),Did Not Play,,,,2.0,Lucas Nogiera
49,41.0,2018-01-30,24,Home,MIN,W (+5),0,2.0,5.0,0.4,2.0,Lucas Nogiera
50,42.0,2018-02-01,24,Away,WAS,L (-3),0,2.0,3.0,0.667,2.0,Lucas Nogiera
51,43.0,2018-02-02,24,Home,POR,W (+25),0,1.0,1.0,1.0,1.0,Lucas Nogiera
52,44.0,2018-02-04,24,Home,MEM,W (+15),0,0.0,2.0,0.0,2.0,Lucas Nogiera
53,45.0,2018-02-06,24,Home,BOS,W (+20),0,1.0,1.0,1.0,2.0,Lucas Nogiera
54,46.0,2018-02-08,24,Home,NYK,W (+25),0,0.0,2.0,0.0,2.0,Lucas Nogiera
55,47.0,2018-02-11,24,Away,CHO,W (+20),0,0.0,1.0,0.0,3.0,Lucas Nogiera
56,48.0,2018-02-13,24,Home,MIA,W (+3),0,0.0,0.0,,2.0,Lucas Nogiera
57,49.0,2018-02-14,24,Away,CHI,W (+24),0,0.0,5.0,0.0,1.0,Lucas Nogiera
58,,2018-02-23,24,Home,MIL,L (-3),Did Not Play,,,,9.0,Lucas Nogiera
59,50.0,2018-02-26,24,Home,DET,W (+29),0,1.0,2.0,0.5,3.0,Lucas Nogiera
60,51.0,2018-02-28,24,Away,ORL,W (+13),0,0.0,0.0,,2.0,Lucas Nogiera
61,52.0,2018-03-02,24,Away,WAS,W (+7),1,0.0,1.0,0.0,2.0,Lucas Nogiera
62,53.0,2018-03-04,24,Home,CHO,W (+5),0,0.0,2.0,0.0,2.0,Lucas Nogiera
63,54.0,2018-03-06,24,Home,ATL,W (+16),0,1.0,2.0,0.5,2.0,Lucas Nogiera
64,55.0,2018-03-07,24,Away,DET,W (+2),1,3.0,5.0,0.6,1.0,Lucas Nogiera
65,56.0,2018-03-09,24,Home,HOU,W (+3),1,0.0,5.0,0.0,2.0,Lucas Nogiera
66,57.0,2018-03-11,24,Away,NYK,W (+26),1,1.0,4.0,0.25,2.0,Lucas Nogiera
67,58.0,2018-03-13,24,Away,BRK,W (+14),1,1.0,2.0,0.5,2.0,Lucas Nogiera
68,,2018-03-15,24,Away,IND,W (+7),Inactive,,,,2.0,Lucas Nogiera
69,,2018-03-16,24,Home,DAL,W (+7),Inactive,,,,1.0,Lucas Nogiera
70,59.0,2018-03-18,24,Home,OKC,L (-7),0,1.0,2.0,0.5,2.0,Lucas Nogiera
71,60.0,2018-03-20,24,Away,ORL,W (+7),0,2.0,4.0,0.5,2.0,Lucas Nogiera
72,61.0,2018-03-21,24,Away,CLE,L (-3),0,0.0,1.0,0.0,1.0,Lucas Nogiera
73,62.0,2018-03-23,24,Home,BRK,W (+4),0,0.0,1.0,0.0,2.0,Lucas Nogiera
74,,2018-03-25,24,Home,LAC,L (-11),Did Not Play,,,,2.0,Lucas Nogiera
75,63.0,2018-03-27,24,Home,DEN,W (+4),0,1.0,2.0,0.5,2.0,Lucas Nogiera
76,64.0,2018-03-31,24,Away,BOS,L (-11),0,0.0,2.0,0.0,4.0,Lucas Nogiera
77,65.0,2018-04-03,24,Away,CLE,L (-6),0,1.0,2.0,0.5,3.0,Lucas Nogiera
78,66.0,2018-04-04,24,Home,BOS,W (+18),0,0.0,4.0,0.0,1.0,Lucas Nogiera
79,67.0,2018-04-06,24,Home,IND,W (+19),0,0.0,0.0,,2.0,Lucas Nogiera
80,68.0,2018-04-08,24,Home,ORL,W (+11),1,3.0,7.0,0.429,2.0,Lucas Nogiera
81,69.0,2018-04-09,24,Away,DET,W (+10),0,0.0,6.0,0.0,1.0,Lucas Nogiera
82,70.0,2018-04-11,24,Away,MIA,L (-7),0,0.0,0.0,,2.0,Lucas Nogiera
1,1.0,2018-04-14,24,Home,WAS,W (+8),0,0.0,0.0,,3.0,Lucas Nogiera
2,2.0,2018-04-17,24,Home,WAS,W (+11),0,0.0,1.0,0.0,3.0,Lucas Nogiera
3,3.0,2018-04-20,24,Away,WAS,L (-19),0,1.0,3.0,0.33299999999999996,3.0,Lucas Nogiera
4,,2018-04-22,24,Away,WAS,L (-8),Did Not Play,,,,2.0,Lucas Nogiera
5,4.0,2018-04-25,24,Home,WAS,W (+10),0,0.0,1.0,0.0,3.0,Lucas Nogiera
6,,2018-04-27,24,Away,WAS,W (+10),Did Not Play,,,,2.0,Lucas Nogiera
7,,2018-05-01,24,Home,CLE,L (-1),Did Not Play,,,,4.0,Lucas Nogiera
8,5.0,2018-05-03,24,Home,CLE,L (-18),0,0.0,1.0,0.0,2.0,Lucas Nogiera
9,,2018-05-05,24,Away,CLE,L (-2),Did Not Play,,,,2.0,Lucas Nogiera
10,6.0,2018-05-07,24,Away,CLE,L (-35),0,0.0,1.0,0.0,2.0,Lucas Nogiera
1,,2017-10-19,27,Home,CHI,W (+17),Inactive,,,,N/A,Lorenzo Brown
2,,2017-10-21,27,Home,PHI,W (+34),Inactive,,,,2.0,Lorenzo Brown
3,,2017-10-23,27,Away,SAS,L (-4),Inactive,,,,2.0,Lorenzo Brown
4,,2017-10-25,27,Away,GSW,L (-5),Inactive,,,,2.0,Lorenzo Brown
5,,2017-10-27,27,Away,LAL,W (+9),Inactive,,,,2.0,Lorenzo Brown
6,,2017-10-30,27,Away,POR,W (+14),Inactive,,,,3.0,Lorenzo Brown
7,,2017-11-01,27,Away,DEN,L (-18),Inactive,,,,2.0,Lorenzo Brown
8,,2017-11-03,27,Away,UTA,W (+9),Inactive,,,,2.0,Lorenzo Brown
9,,2017-11-05,27,Home,WAS,L (-11),Inactive,,,,2.0,Lorenzo Brown
10,,2017-11-07,27,Home,CHI,W (+5),Inactive,,,,2.0,Lorenzo Brown
11,,2017-11-09,27,Home,NOP,W (+4),Inactive,,,,2.0,Lorenzo Brown
12,,2017-11-12,27,Away,BOS,L (-1),Inactive,,,,3.0,Lorenzo Brown
13,,2017-11-14,27,Away,HOU,W (+16),Inactive,,,,2.0,Lorenzo Brown
14,,2017-11-15,27,Away,NOP,W (+9),Inactive,,,,1.0,Lorenzo Brown
15,1.0,2017-11-17,27,Home,NYK,W (+23),0,0.0,1.0,0.0,2.0,Lorenzo Brown
16,2.0,2017-11-19,27,Home,WAS,W (+9),0,0.0,1.0,0.0,2.0,Lorenzo Brown
17,,2017-11-22,27,Away,NYK,L (-8),Did Not Play,,,,3.0,Lorenzo Brown
18,3.0,2017-11-24,27,Away,IND,L (-3),0,0.0,0.0,,2.0,Lorenzo Brown
19,4.0,2017-11-25,27,Away,ATL,W (+34),0,0.0,1.0,0.0,1.0,Lorenzo Brown
20,,2017-11-29,27,Home,CHO,W (+13),Did Not Play,,,,4.0,Lorenzo Brown
21,,2017-12-01,27,Home,IND,W (+5),Did Not Play,,,,2.0,Lorenzo Brown
22,5.0,2017-12-05,27,Home,PHO,W (+13),0,0.0,0.0,,4.0,Lorenzo Brown
23,,2017-12-08,27,Away,MEM,W (+9),Did Not Play,,,,3.0,Lorenzo Brown
24,,2017-12-10,27,Away,SAC,W (+15),Did Not Play,,,,2.0,Lorenzo Brown
25,6.0,2017-12-11,27,Away,LAC,L (-5),0,0.0,0.0,,1.0,Lorenzo Brown
26,7.0,2017-12-13,27,Away,PHO,W (+6),0,0.0,0.0,,2.0,Lorenzo Brown
27,8.0,2017-12-15,27,Home,BRK,W (+33),0,0.0,1.0,0.0,2.0,Lorenzo Brown
28,,2017-12-17,27,Home,SAC,W (+15),Did Not Play,,,,2.0,Lorenzo Brown
29,,2017-12-20,27,Away,CHO,W (+18),Inactive,,,,3.0,Lorenzo Brown
30,,2017-12-21,27,Away,PHI,W (+5),Inactive,,,,1.0,Lorenzo Brown
31,,2017-12-23,27,Home,PHI,W (+16),Inactive,,,,2.0,Lorenzo Brown
32,,2017-12-26,27,Away,DAL,L (-5),Inactive,,,,3.0,Lorenzo Brown
33,,2017-12-27,27,Away,OKC,L (-17),Inactive,,,,1.0,Lorenzo Brown
34,,2017-12-29,27,Home,ATL,W (+13),Did Not Play,,,,2.0,Lorenzo Brown
35,,2018-01-01,27,Home,MIL,W (+4),Inactive,,,,3.0,Lorenzo Brown
36,,2018-01-03,27,Away,CHI,W (+9),Inactive,,,,2.0,Lorenzo Brown
37,,2018-01-05,27,Away,MIL,W (+19),Inactive,,,,2.0,Lorenzo Brown
38,,2018-01-08,27,Away,BRK,W (+1),Inactive,,,,3.0,Lorenzo Brown
39,9.0,2018-01-09,27,Home,MIA,L (-1),0,0.0,0.0,,1.0,Lorenzo Brown
40,10.0,2018-01-11,27,Home,CLE,W (+34),0,0.0,2.0,0.0,2.0,Lorenzo Brown
41,11.0,2018-01-13,27,Home,GSW,L (-2),0,0.0,0.0,,2.0,Lorenzo Brown
42,,2018-01-15,27,Away,PHI,L (-6),Inactive,,,,2.0,Lorenzo Brown
43,,2018-01-17,27,Home,DET,W (+5),Did Not Play,,,,2.0,Lorenzo Brown
44,,2018-01-19,27,Home,SAS,W (+3),Inactive,,,,2.0,Lorenzo Brown
45,,2018-01-20,27,Away,MIN,L (-6),Inactive,,,,1.0,Lorenzo Brown
46,,2018-01-24,27,Away,ATL,W (+15),Inactive,,,,4.0,Lorenzo Brown
47,,2018-01-26,27,Home,UTA,L (-4),Inactive,,,,2.0,Lorenzo Brown
48,,2018-01-28,27,Home,LAL,W (+12),Inactive,,,,2.0,Lorenzo Brown
49,,2018-01-30,27,Home,MIN,W (+5),Did Not Play,,,,2.0,Lorenzo Brown
50,12.0,2018-02-01,27,Away,WAS,L (-3),0,0.0,1.0,0.0,2.0,Lorenzo Brown
51,,2018-02-02,27,Home,POR,W (+25),Inactive,,,,1.0,Lorenzo Brown
52,,2018-02-04,27,Home,MEM,W (+15),Inactive,,,,2.0,Lorenzo Brown
53,,2018-02-06,27,Home,BOS,W (+20),Inactive,,,,2.0,Lorenzo Brown
54,,2018-02-08,27,Home,NYK,W (+25),Inactive,,,,2.0,Lorenzo Brown
55,,2018-02-11,27,Away,CHO,W (+20),Inactive,,,,3.0,Lorenzo Brown
56,,2018-02-13,27,Home,MIA,W (+3),Inactive,,,,2.0,Lorenzo Brown
57,,2018-02-14,27,Away,CHI,W (+24),Inactive,,,,1.0,Lorenzo Brown
58,,2018-02-23,27,Home,MIL,L (-3),Inactive,,,,9.0,Lorenzo Brown
59,,2018-02-26,27,Home,DET,W (+29),Inactive,,,,3.0,Lorenzo Brown
60,,2018-02-28,27,Away,ORL,W (+13),Inactive,,,,2.0,Lorenzo Brown
61,,2018-03-02,27,Away,WAS,W (+7),Inactive,,,,2.0,Lorenzo Brown
62,,2018-03-04,27,Home,CHO,W (+5),Inactive,,,,2.0,Lorenzo Brown
63,,2018-03-06,27,Home,ATL,W (+16),Inactive,,,,2.0,Lorenzo Brown
64,,2018-03-07,27,Away,DET,W (+2),Inactive,,,,1.0,Lorenzo Brown
65,,2018-03-09,27,Home,HOU,W (+3),Inactive,,,,2.0,Lorenzo Brown
66,,2018-03-11,27,Away,NYK,W (+26),Inactive,,,,2.0,Lorenzo Brown
67,,2018-03-13,27,Away,BRK,W (+14),Inactive,,,,2.0,Lorenzo Brown
68,,2018-03-15,27,Away,IND,W (+7),Inactive,,,,2.0,Lorenzo Brown
69,,2018-03-16,27,Home,DAL,W (+7),Inactive,,,,1.0,Lorenzo Brown
70,,2018-03-18,27,Home,OKC,L (-7),Did Not Play,,,,2.0,Lorenzo Brown
71,13.0,2018-03-20,27,Away,ORL,W (+7),0,1.0,1.0,1.0,2.0,Lorenzo Brown
72,,2018-03-21,27,Away,CLE,L (-3),Did Not Play,,,,1.0,Lorenzo Brown
73,,2018-03-23,27,Home,BRK,W (+4),Did Not Play,,,,2.0,Lorenzo Brown
74,,2018-03-25,27,Home,LAC,L (-11),Did Not Play,,,,2.0,Lorenzo Brown
75,,2018-03-27,27,Home,DEN,W (+4),Did Not Play,,,,2.0,Lorenzo Brown
76,,2018-03-31,27,Away,BOS,L (-11),Inactive,,,,4.0,Lorenzo Brown
77,,2018-04-03,27,Away,CLE,L (-6),Inactive,,,,3.0,Lorenzo Brown
78,,2018-04-04,27,Home,BOS,W (+18),Inactive,,,,1.0,Lorenzo Brown
79,,2018-04-06,27,Home,IND,W (+19),Inactive,,,,2.0,Lorenzo Brown
80,,2018-04-08,27,Home,ORL,W (+11),Inactive,,,,2.0,Lorenzo Brown
81,14.0,2018-04-09,27,Away,DET,W (+10),0,1.0,4.0,0.25,1.0,Lorenzo Brown
82,,2018-04-11,27,Away,MIA,L (-7),Inactive,,,,2.0,Lorenzo Brown
1,,2018-04-14,27,Home,WAS,W (+8),Did Not Play,,,,3.0,Lorenzo Brown
2,1.0,2018-04-17,27,Home,WAS,W (+11),0,1.0,2.0,0.5,3.0,Lorenzo Brown
3,2.0,2018-04-20,27,Away,WAS,L (-19),0,0.0,1.0,0.0,3.0,Lorenzo Brown
4,,2018-04-22,27,Away,WAS,L (-8),Did Not Play,,,,2.0,Lorenzo Brown
5,,2018-04-25,27,Home,WAS,W (+10),Did Not Play,,,,3.0,Lorenzo Brown
6,,2018-04-27,27,Away,WAS,W (+10),Did Not Play,,,,2.0,Lorenzo Brown
7,,2018-05-01,27,Home,CLE,L (-1),Did Not Play,,,,4.0,Lorenzo Brown
8,3.0,2018-05-03,27,Home,CLE,L (-18),0,1.0,2.0,0.5,2.0,Lorenzo Brown
9,,2018-05-05,27,Away,CLE,L (-2),Did Not Play,,,,2.0,Lorenzo Brown
10,4.0,2018-05-07,27,Away,CLE,L (-35),0,0.0,0.0,,2.0,Lorenzo Brown
1,,2017-10-19,24,Home,CHI,W (+17),Inactive,,,,N/A,Malcolm Miller
2,,2017-10-21,24,Home,PHI,W (+34),Inactive,,,,2.0,Malcolm Miller
3,,2017-10-23,24,Away,SAS,L (-4),Inactive,,,,2.0,Malcolm Miller
4,,2017-10-25,24,Away,GSW,L (-5),Inactive,,,,2.0,Malcolm Miller
5,,2017-10-27,24,Away,LAL,W (+9),Inactive,,,,2.0,Malcolm Miller
6,,2017-10-30,24,Away,POR,W (+14),Inactive,,,,3.0,Malcolm Miller
7,,2017-11-01,24,Away,DEN,L (-18),Inactive,,,,2.0,Malcolm Miller
8,,2017-11-03,24,Away,UTA,W (+9),Inactive,,,,2.0,Malcolm Miller
9,,2017-11-05,24,Home,WAS,L (-11),Inactive,,,,2.0,Malcolm Miller
10,,2017-11-07,24,Home,CHI,W (+5),Inactive,,,,2.0,Malcolm Miller
11,,2017-11-09,24,Home,NOP,W (+4),Inactive,,,,2.0,Malcolm Miller
12,,2017-11-12,24,Away,BOS,L (-1),Inactive,,,,3.0,Malcolm Miller
13,,2017-11-14,24,Away,HOU,W (+16),Inactive,,,,2.0,Malcolm Miller
14,,2017-11-15,24,Away,NOP,W (+9),Inactive,,,,1.0,Malcolm Miller
15,,2017-11-17,24,Home,NYK,W (+23),Inactive,,,,2.0,Malcolm Miller
16,,2017-11-19,24,Home,WAS,W (+9),Inactive,,,,2.0,Malcolm Miller
17,,2017-11-22,24,Away,NYK,L (-8),Inactive,,,,3.0,Malcolm Miller
18,,2017-11-24,24,Away,IND,L (-3),Inactive,,,,2.0,Malcolm Miller
19,,2017-11-25,24,Away,ATL,W (+34),Inactive,,,,1.0,Malcolm Miller
20,,2017-11-29,24,Home,CHO,W (+13),Inactive,,,,4.0,Malcolm Miller
21,,2017-12-01,24,Home,IND,W (+5),Inactive,,,,2.0,Malcolm Miller
22,,2017-12-05,24,Home,PHO,W (+13),Inactive,,,,4.0,Malcolm Miller
23,,2017-12-08,24,Away,MEM,W (+9),Did Not Play,,,,3.0,Malcolm Miller
24,,2017-12-10,24,Away,SAC,W (+15),Did Not Play,,,,2.0,Malcolm Miller
25,,2017-12-11,24,Away,LAC,L (-5),Did Not Play,,,,1.0,Malcolm Miller
26,,2017-12-13,24,Away,PHO,W (+6),Inactive,,,,2.0,Malcolm Miller
27,,2017-12-15,24,Home,BRK,W (+33),Inactive,,,,2.0,Malcolm Miller
28,,2017-12-17,24,Home,SAC,W (+15),Inactive,,,,2.0,Malcolm Miller
29,1.0,2017-12-20,24,Away,CHO,W (+18),0,0.0,2.0,0.0,3.0,Malcolm Miller
30,,2017-12-21,24,Away,PHI,W (+5),Did Not Play,,,,1.0,Malcolm Miller
31,2.0,2017-12-23,24,Home,PHI,W (+16),0,0.0,0.0,,2.0,Malcolm Miller
32,,2017-12-26,24,Away,DAL,L (-5),Inactive,,,,3.0,Malcolm Miller
33,,2017-12-27,24,Away,OKC,L (-17),Inactive,,,,1.0,Malcolm Miller
34,,2017-12-29,24,Home,ATL,W (+13),Inactive,,,,2.0,Malcolm Miller
35,,2018-01-01,24,Home,MIL,W (+4),Inactive,,,,3.0,Malcolm Miller
36,,2018-01-03,24,Away,CHI,W (+9),Inactive,,,,2.0,Malcolm Miller
37,,2018-01-05,24,Away,MIL,W (+19),Inactive,,,,2.0,Malcolm Miller
38,,2018-01-08,24,Away,BRK,W (+1),Inactive,,,,3.0,Malcolm Miller
39,,2018-01-09,24,Home,MIA,L (-1),Inactive,,,,1.0,Malcolm Miller
40,3.0,2018-01-11,24,Home,CLE,W (+34),0,2.0,2.0,1.0,2.0,Malcolm Miller
41,,2018-01-13,24,Home,GSW,L (-2),Did Not Play,,,,2.0,Malcolm Miller
42,,2018-01-15,24,Away,PHI,L (-6),Inactive,,,,2.0,Malcolm Miller
43,,2018-01-17,24,Home,DET,W (+5),Did Not Play,,,,2.0,Malcolm Miller
44,,2018-01-19,24,Home,SAS,W (+3),Inactive,,,,2.0,Malcolm Miller
45,,2018-01-20,24,Away,MIN,L (-6),Inactive,,,,1.0,Malcolm Miller
46,,2018-01-24,24,Away,ATL,W (+15),Inactive,,,,4.0,Malcolm Miller
47,,2018-01-26,24,Home,UTA,L (-4),Inactive,,,,2.0,Malcolm Miller
48,,2018-01-28,24,Home,LAL,W (+12),Inactive,,,,2.0,Malcolm Miller
49,,2018-01-30,24,Home,MIN,W (+5),Inactive,,,,2.0,Malcolm Miller
50,,2018-02-01,24,Away,WAS,L (-3),Inactive,,,,2.0,Malcolm Miller
51,,2018-02-02,24,Home,POR,W (+25),Inactive,,,,1.0,Malcolm Miller
52,,2018-02-04,24,Home,MEM,W (+15),Inactive,,,,2.0,Malcolm Miller
53,,2018-02-06,24,Home,BOS,W (+20),Inactive,,,,2.0,Malcolm Miller
54,,2018-02-08,24,Home,NYK,W (+25),Inactive,,,,2.0,Malcolm Miller
55,,2018-02-11,24,Away,CHO,W (+20),Inactive,,,,3.0,Malcolm Miller
56,,2018-02-13,24,Home,MIA,W (+3),Inactive,,,,2.0,Malcolm Miller
57,,2018-02-14,24,Away,CHI,W (+24),Inactive,,,,1.0,Malcolm Miller
58,,2018-02-23,24,Home,MIL,L (-3),Inactive,,,,9.0,Malcolm Miller
59,4.0,2018-02-26,24,Home,DET,W (+29),0,0.0,2.0,0.0,3.0,Malcolm Miller
60,5.0,2018-02-28,24,Away,ORL,W (+13),0,0.0,0.0,,2.0,Malcolm Miller
61,6.0,2018-03-02,24,Away,WAS,W (+7),0,1.0,1.0,1.0,2.0,Malcolm Miller
62,7.0,2018-03-04,24,Home,CHO,W (+5),1,0.0,2.0,0.0,2.0,Malcolm Miller
63,8.0,2018-03-06,25,Home,ATL,W (+16),1,1.0,3.0,0.33299999999999996,2.0,Malcolm Miller
64,9.0,2018-03-07,25,Away,DET,W (+2),0,0.0,1.0,0.0,1.0,Malcolm Miller
65,10.0,2018-03-09,25,Home,HOU,W (+3),0,1.0,1.0,1.0,2.0,Malcolm Miller
66,11.0,2018-03-11,25,Away,NYK,W (+26),0,2.0,3.0,0.667,2.0,Malcolm Miller
67,12.0,2018-03-13,25,Away,BRK,W (+14),0,0.0,1.0,0.0,2.0,Malcolm Miller
68,13.0,2018-03-15,25,Away,IND,W (+7),1,0.0,0.0,,2.0,Malcolm Miller
69,14.0,2018-03-16,25,Home,DAL,W (+7),0,1.0,3.0,0.33299999999999996,1.0,Malcolm Miller
70,,2018-03-18,25,Home,OKC,L (-7),Did Not Play,,,,2.0,Malcolm Miller
71,15.0,2018-03-20,25,Away,ORL,W (+7),1,0.0,0.0,,2.0,Malcolm Miller
72,,2018-03-21,25,Away,CLE,L (-3),Did Not Play,,,,1.0,Malcolm Miller
73,,2018-03-23,25,Home,BRK,W (+4),Did Not Play,,,,2.0,Malcolm Miller
74,,2018-03-25,25,Home,LAC,L (-11),Inactive,,,,2.0,Malcolm Miller
75,,2018-03-27,25,Home,DEN,W (+4),Inactive,,,,2.0,Malcolm Miller
76,,2018-03-31,25,Away,BOS,L (-11),Inactive,,,,4.0,Malcolm Miller
77,,2018-04-03,25,Away,CLE,L (-6),Inactive,,,,3.0,Malcolm Miller
78,,2018-04-04,25,Home,BOS,W (+18),Inactive,,,,1.0,Malcolm Miller
79,,2018-04-06,25,Home,IND,W (+19),Inactive,,,,2.0,Malcolm Miller
80,,2018-04-08,25,Home,ORL,W (+11),Inactive,,,,2.0,Malcolm Miller
81,,2018-04-09,25,Away,DET,W (+10),Did Not Play,,,,1.0,Malcolm Miller
82,,2018-04-11,25,Away,MIA,L (-7),Inactive,,,,2.0,Malcolm Miller
1,1.0,2017-10-19,25,Home,CHI,W (+17),0,0.0,0.0,,N/A,Alfonzo Mckinnie
2,,2017-10-21,25,Home,PHI,W (+34),Inactive,,,,2.0,Alfonzo Mckinnie
3,,2017-10-23,25,Away,SAS,L (-4),Did Not Play,,,,2.0,Alfonzo Mckinnie
4,,2017-10-25,25,Away,GSW,L (-5),Did Not Play,,,,2.0,Alfonzo Mckinnie
5,,2017-10-27,25,Away,LAL,W (+9),Did Not Play,,,,2.0,Alfonzo Mckinnie
6,2.0,2017-10-30,25,Away,POR,W (+14),0,0.0,0.0,,3.0,Alfonzo Mckinnie
7,3.0,2017-11-01,25,Away,DEN,L (-18),0,1.0,1.0,1.0,2.0,Alfonzo Mckinnie
8,,2017-11-03,25,Away,UTA,W (+9),Did Not Play,,,,2.0,Alfonzo Mckinnie
9,,2017-11-05,25,Home,WAS,L (-11),Inactive,,,,2.0,Alfonzo Mckinnie
10,,2017-11-07,25,Home,CHI,W (+5),Did Not Play,,,,2.0,Alfonzo Mckinnie
11,,2017-11-09,25,Home,NOP,W (+4),Inactive,,,,2.0,Alfonzo Mckinnie
12,,2017-11-12,25,Away,BOS,L (-1),Inactive,,,,3.0,Alfonzo Mckinnie
13,4.0,2017-11-14,25,Away,HOU,W (+16),0,0.0,0.0,,2.0,Alfonzo Mckinnie
14,5.0,2017-11-15,25,Away,NOP,W (+9),0,0.0,0.0,,1.0,Alfonzo Mckinnie
15,6.0,2017-11-17,25,Home,NYK,W (+23),0,0.0,0.0,,2.0,Alfonzo Mckinnie
16,,2017-11-19,25,Home,WAS,W (+9),Did Not Play,,,,2.0,Alfonzo Mckinnie
17,,2017-11-22,25,Away,NYK,L (-8),Did Not Play,,,,3.0,Alfonzo Mckinnie
18,,2017-11-24,25,Away,IND,L (-3),Did Not Play,,,,2.0,Alfonzo Mckinnie
19,7.0,2017-11-25,25,Away,ATL,W (+34),0,0.0,2.0,0.0,1.0,Alfonzo Mckinnie
20,,2017-11-29,25,Home,CHO,W (+13),Did Not Play,,,,4.0,Alfonzo Mckinnie
21,,2017-12-01,25,Home,IND,W (+5),Did Not Play,,,,2.0,Alfonzo Mckinnie
22,8.0,2017-12-05,25,Home,PHO,W (+13),0,0.0,0.0,,4.0,Alfonzo Mckinnie
23,,2017-12-08,25,Away,MEM,W (+9),Did Not Play,,,,3.0,Alfonzo Mckinnie
24,,2017-12-10,25,Away,SAC,W (+15),Did Not Play,,,,2.0,Alfonzo Mckinnie
25,,2017-12-11,25,Away,LAC,L (-5),Did Not Play,,,,1.0,Alfonzo Mckinnie
26,,2017-12-13,25,Away,PHO,W (+6),Did Not Play,,,,2.0,Alfonzo Mckinnie
27,9.0,2017-12-15,25,Home,BRK,W (+33),0,0.0,1.0,0.0,2.0,Alfonzo Mckinnie
28,,2017-12-17,25,Home,SAC,W (+15),Did Not Play,,,,2.0,Alfonzo Mckinnie
29,,2017-12-20,25,Away,CHO,W (+18),Inactive,,,,3.0,Alfonzo Mckinnie
30,,2017-12-21,25,Away,PHI,W (+5),Inactive,,,,1.0,Alfonzo Mckinnie
31,,2017-12-23,25,Home,PHI,W (+16),Inactive,,,,2.0,Alfonzo Mckinnie
32,,2017-12-26,25,Away,DAL,L (-5),Inactive,,,,3.0,Alfonzo Mckinnie
33,,2017-12-27,25,Away,OKC,L (-17),Inactive,,,,1.0,Alfonzo Mckinnie
34,,2017-12-29,25,Home,ATL,W (+13),Inactive,,,,2.0,Alfonzo Mckinnie
35,,2018-01-01,25,Home,MIL,W (+4),Inactive,,,,3.0,Alfonzo Mckinnie
36,,2018-01-03,25,Away,CHI,W (+9),Inactive,,,,2.0,Alfonzo Mckinnie
37,,2018-01-05,25,Away,MIL,W (+19),Inactive,,,,2.0,Alfonzo Mckinnie
38,,2018-01-08,25,Away,BRK,W (+1),Inactive,,,,3.0,Alfonzo Mckinnie
39,,2018-01-09,25,Home,MIA,L (-1),Did Not Play,,,,1.0,Alfonzo Mckinnie
40,,2018-01-11,25,Home,CLE,W (+34),Inactive,,,,2.0,Alfonzo Mckinnie
41,,2018-01-13,25,Home,GSW,L (-2),Inactive,,,,2.0,Alfonzo Mckinnie
42,,2018-01-15,25,Away,PHI,L (-6),Inactive,,,,2.0,Alfonzo Mckinnie
43,,2018-01-17,25,Home,DET,W (+5),Inactive,,,,2.0,Alfonzo Mckinnie
44,,2018-01-19,25,Home,SAS,W (+3),Did Not Play,,,,2.0,Alfonzo Mckinnie
45,,2018-01-20,25,Away,MIN,L (-6),Did Not Play,,,,1.0,Alfonzo Mckinnie
46,10.0,2018-01-24,25,Away,ATL,W (+15),0,0.0,1.0,0.0,4.0,Alfonzo Mckinnie
47,,2018-01-26,25,Home,UTA,L (-4),Did Not Play,,,,2.0,Alfonzo Mckinnie
48,,2018-01-28,25,Home,LAL,W (+12),Did Not Play,,,,2.0,Alfonzo Mckinnie
49,,2018-01-30,25,Home,MIN,W (+5),Did Not Play,,,,2.0,Alfonzo Mckinnie
50,,2018-02-01,25,Away,WAS,L (-3),Did Not Play,,,,2.0,Alfonzo Mckinnie
51,11.0,2018-02-02,25,Home,POR,W (+25),0,1.0,2.0,0.5,1.0,Alfonzo Mckinnie
52,,2018-02-04,25,Home,MEM,W (+15),Did Not Play,,,,2.0,Alfonzo Mckinnie
53,,2018-02-06,25,Home,BOS,W (+20),Inactive,,,,2.0,Alfonzo Mckinnie
54,,2018-02-08,25,Home,NYK,W (+25),Inactive,,,,2.0,Alfonzo Mckinnie
55,,2018-02-11,25,Away,CHO,W (+20),Inactive,,,,3.0,Alfonzo Mckinnie
56,,2018-02-13,25,Home,MIA,W (+3),Inactive,,,,2.0,Alfonzo Mckinnie
57,12.0,2018-02-14,25,Away,CHI,W (+24),0,1.0,1.0,1.0,1.0,Alfonzo Mckinnie
58,,2018-02-23,25,Home,MIL,L (-3),Inactive,,,,9.0,Alfonzo Mckinnie
59,,2018-02-26,25,Home,DET,W (+29),Inactive,,,,3.0,Alfonzo Mckinnie
60,,2018-02-28,25,Away,ORL,W (+13),Inactive,,,,2.0,Alfonzo Mckinnie
61,,2018-03-02,25,Away,WAS,W (+7),Inactive,,,,2.0,Alfonzo Mckinnie
62,,2018-03-04,25,Home,CHO,W (+5),Inactive,,,,2.0,Alfonzo Mckinnie
63,13.0,2018-03-06,25,Home,ATL,W (+16),0,0.0,0.0,,2.0,Alfonzo Mckinnie
64,,2018-03-07,25,Away,DET,W (+2),Inactive,,,,1.0,Alfonzo Mckinnie
65,,2018-03-09,25,Home,HOU,W (+3),Did Not Play,,,,2.0,Alfonzo Mckinnie
66,,2018-03-11,25,Away,NYK,W (+26),Inactive,,,,2.0,Alfonzo Mckinnie
67,,2018-03-13,25,Away,BRK,W (+14),Inactive,,,,2.0,Alfonzo Mckinnie
68,,2018-03-15,25,Away,IND,W (+7),Inactive,,,,2.0,Alfonzo Mckinnie
69,,2018-03-16,25,Home,DAL,W (+7),Inactive,,,,1.0,Alfonzo Mckinnie
70,,2018-03-18,25,Home,OKC,L (-7),Inactive,,,,2.0,Alfonzo Mckinnie
71,,2018-03-20,25,Away,ORL,W (+7),Inactive,,,,2.0,Alfonzo Mckinnie
72,,2018-03-21,25,Away,CLE,L (-3),Inactive,,,,1.0,Alfonzo Mckinnie
73,,2018-03-23,25,Home,BRK,W (+4),Inactive,,,,2.0,Alfonzo Mckinnie
74,,2018-03-25,25,Home,LAC,L (-11),Inactive,,,,2.0,Alfonzo Mckinnie
75,,2018-03-27,25,Home,DEN,W (+4),Inactive,,,,2.0,Alfonzo Mckinnie
76,,2018-03-31,25,Away,BOS,L (-11),Inactive,,,,4.0,Alfonzo Mckinnie
77,,2018-04-03,25,Away,CLE,L (-6),Inactive,,,,3.0,Alfonzo Mckinnie
78,,2018-04-04,25,Home,BOS,W (+18),Inactive,,,,1.0,Alfonzo Mckinnie
79,,2018-04-06,25,Home,IND,W (+19),Inactive,,,,2.0,Alfonzo Mckinnie
80,,2018-04-08,25,Home,ORL,W (+11),Inactive,,,,2.0,Alfonzo Mckinnie
81,14.0,2018-04-09,25,Away,DET,W (+10),0,0.0,1.0,0.0,1.0,Alfonzo Mckinnie
82,,2018-04-11,25,Away,MIA,L (-7),Inactive,,,,2.0,Alfonzo Mckinnie
1,,2017-10-19,22,Home,CHI,W (+17),Inactive,,,,N/A,Bruno Cabaclo
2,1.0,2017-10-21,22,Home,PHI,W (+34),0,0.0,2.0,0.0,2.0,Bruno Cabaclo
3,,2017-10-23,22,Away,SAS,L (-4),Did Not Play,,,,2.0,Bruno Cabaclo
4,,2017-10-25,22,Away,GSW,L (-5),Did Not Play,,,,2.0,Bruno Cabaclo
5,,2017-10-27,22,Away,LAL,W (+9),Did Not Play,,,,2.0,Bruno Cabaclo
6,2.0,2017-10-30,22,Away,POR,W (+14),0,0.0,0.0,,3.0,Bruno Cabaclo
7,,2017-11-01,22,Away,DEN,L (-18),Inactive,,,,2.0,Bruno Cabaclo
8,,2017-11-03,22,Away,UTA,W (+9),Did Not Play,,,,2.0,Bruno Cabaclo
9,,2017-11-05,22,Home,WAS,L (-11),Did Not Play,,,,2.0,Bruno Cabaclo
10,,2017-11-07,22,Home,CHI,W (+5),Inactive,,,,2.0,Bruno Cabaclo
11,,2017-11-09,22,Home,NOP,W (+4),Inactive,,,,2.0,Bruno Cabaclo
12,,2017-11-12,22,Away,BOS,L (-1),Inactive,,,,3.0,Bruno Cabaclo
13,,2017-11-14,22,Away,HOU,W (+16),Inactive,,,,2.0,Bruno Cabaclo
14,,2017-11-15,22,Away,NOP,W (+9),Inactive,,,,1.0,Bruno Cabaclo
15,,2017-11-17,22,Home,NYK,W (+23),Did Not Play,,,,2.0,Bruno Cabaclo
16,,2017-11-19,22,Home,WAS,W (+9),Did Not Play,,,,2.0,Bruno Cabaclo
17,,2017-11-22,22,Away,NYK,L (-8),Inactive,,,,3.0,Bruno Cabaclo
18,,2017-11-24,22,Away,IND,L (-3),Inactive,,,,2.0,Bruno Cabaclo
19,,2017-11-25,22,Away,ATL,W (+34),Inactive,,,,1.0,Bruno Cabaclo
20,,2017-11-29,22,Home,CHO,W (+13),Inactive,,,,4.0,Bruno Cabaclo
21,,2017-12-01,22,Home,IND,W (+5),Inactive,,,,2.0,Bruno Cabaclo
22,,2017-12-05,22,Home,PHO,W (+13),Inactive,,,,4.0,Bruno Cabaclo
23,,2017-12-08,22,Away,MEM,W (+9),Inactive,,,,3.0,Bruno Cabaclo
24,,2017-12-10,22,Away,SAC,W (+15),Inactive,,,,2.0,Bruno Cabaclo
25,,2017-12-11,22,Away,LAC,L (-5),Inactive,,,,1.0,Bruno Cabaclo
26,,2017-12-13,22,Away,PHO,W (+6),Inactive,,,,2.0,Bruno Cabaclo
27,,2017-12-15,22,Home,BRK,W (+33),Inactive,,,,2.0,Bruno Cabaclo
28,,2017-12-17,22,Home,SAC,W (+15),Inactive,,,,2.0,Bruno Cabaclo
29,,2017-12-20,22,Away,CHO,W (+18),Inactive,,,,3.0,Bruno Cabaclo
30,,2017-12-21,22,Away,PHI,W (+5),Inactive,,,,1.0,Bruno Cabaclo
31,,2017-12-23,22,Home,PHI,W (+16),Inactive,,,,2.0,Bruno Cabaclo
32,,2017-12-26,22,Away,DAL,L (-5),Inactive,,,,3.0,Bruno Cabaclo
33,,2017-12-27,22,Away,OKC,L (-17),Inactive,,,,1.0,Bruno Cabaclo
34,,2017-12-29,22,Home,ATL,W (+13),Did Not Play,,,,2.0,Bruno Cabaclo
35,,2018-01-01,22,Home,MIL,W (+4),Inactive,,,,3.0,Bruno Cabaclo
36,,2018-01-03,22,Away,CHI,W (+9),Inactive,,,,2.0,Bruno Cabaclo
37,,2018-01-05,22,Away,MIL,W (+19),Inactive,,,,2.0,Bruno Cabaclo
38,,2018-01-08,22,Away,BRK,W (+1),Inactive,,,,3.0,Bruno Cabaclo
39,,2018-01-09,22,Home,MIA,L (-1),Inactive,,,,1.0,Bruno Cabaclo
40,,2018-01-11,22,Home,CLE,W (+34),Inactive,,,,2.0,Bruno Cabaclo
41,,2018-01-13,22,Home,GSW,L (-2),Inactive,,,,2.0,Bruno Cabaclo
42,,2018-01-15,22,Away,PHI,L (-6),Inactive,,,,2.0,Bruno Cabaclo
43,,2018-01-17,22,Home,DET,W (+5),Inactive,,,,2.0,Bruno Cabaclo
44,,2018-01-19,22,Home,SAS,W (+3),Inactive,,,,2.0,Bruno Cabaclo
45,,2018-01-20,22,Away,MIN,L (-6),Inactive,,,,1.0,Bruno Cabaclo
46,,2018-01-24,22,Away,ATL,W (+15),Inactive,,,,4.0,Bruno Cabaclo
47,,2018-01-26,22,Home,UTA,L (-4),Inactive,,,,2.0,Bruno Cabaclo
48,,2018-01-28,22,Home,LAL,W (+12),Inactive,,,,2.0,Bruno Cabaclo
49,,2018-01-30,22,Home,MIN,W (+5),Inactive,,,,2.0,Bruno Cabaclo
50,,2018-02-01,22,Away,WAS,L (-3),Inactive,,,,2.0,Bruno Cabaclo
51,,2018-02-02,22,Home,POR,W (+25),Inactive,,,,1.0,Bruno Cabaclo
52,,2018-02-04,22,Home,MEM,W (+15),Inactive,,,,2.0,Bruno Cabaclo
53,,2018-02-06,22,Home,BOS,W (+20),Inactive,,,,2.0,Bruno Cabaclo
54,,2018-02-08,22,Home,NYK,W (+25),Inactive,,,,2.0,Bruno Cabaclo
5,,2018-03-06,23,Home,ATL,W (+16),Inactive,,,,N/A,Nigel Hayes
6,,2018-03-07,23,Away,DET,W (+2),Did Not Play,,,,1.0,Nigel Hayes
7,,2018-03-09,23,Home,HOU,W (+3),Did Not Play,,,,2.0,Nigel Hayes
8,3.0,2018-03-11,23,Away,NYK,W (+26),0,2.0,2.0,1.0,2.0,Nigel Hayes
9,4.0,2018-03-13,23,Away,BRK,W (+14),0,0.0,0.0,,2.0,Nigel Hayes
10,,2018-03-15,23,Away,IND,W (+7),Did Not Play,,,,2.0,Nigel Hayes
11,,2018-03-16,23,Home,DAL,W (+7),Did Not Play,,,,1.0,Nigel Hayes
12,,2018-03-18,23,Home,OKC,L (-7),Inactive,,,,2.0,Nigel Hayes
13,,2018-03-20,23,Away,ORL,W (+7),Inactive,,,,2.0,Nigel Hayes
14,,2018-03-21,23,Away,CLE,L (-3),Inactive,,,,1.0,Nigel Hayes
15,,2018-03-23,23,Home,BRK,W (+4),Inactive,,,,2.0,Nigel Hayes
16,,2018-03-25,23,Home,LAC,L (-11),Inactive,,,,2.0,Nigel Hayes
